-- Native backup generated by application
-- Database: peminjaman_alat
-- Generated at: 2026-04-06 07:47:07
SET FOREIGN_KEY_CHECKS=0;

--
-- Table structure for table `activity_logs`
--
DROP TABLE IF EXISTS `activity_logs`;
CREATE TABLE `activity_logs` (
  `id` bigint unsigned NOT NULL AUTO_INCREMENT,
  `user_id` bigint unsigned DEFAULT NULL,
  `aktivitas` varchar(255) CHARACTER SET utf8mb4 COLLATE utf8mb4_unicode_ci NOT NULL,
  `model_type` varchar(255) CHARACTER SET utf8mb4 COLLATE utf8mb4_unicode_ci DEFAULT NULL,
  `model_id` bigint unsigned DEFAULT NULL,
  `detail` text CHARACTER SET utf8mb4 COLLATE utf8mb4_unicode_ci,
  `created_at` timestamp NULL DEFAULT NULL,
  `updated_at` timestamp NULL DEFAULT NULL,
  PRIMARY KEY (`id`),
  KEY `activity_logs_user_id_foreign` (`user_id`),
  CONSTRAINT `activity_logs_user_id_foreign` FOREIGN KEY (`user_id`) REFERENCES `users` (`id`) ON DELETE SET NULL
) ENGINE=InnoDB AUTO_INCREMENT=721 DEFAULT CHARSET=utf8mb4 COLLATE=utf8mb4_unicode_ci;

--
-- Dumping data for table `activity_logs`
--
INSERT INTO `activity_logs` (`id`, `user_id`, `aktivitas`, `model_type`, `model_id`, `detail`, `created_at`, `updated_at`) VALUES
(1, 1, 'Login ke sistem', 'App\\Models\\User', 1, NULL, '2026-01-09 07:13:26', '2026-01-09 07:13:26'),
(2, 1, 'Menambah alat: Solder', 'App\\Models\\Tool', 1, NULL, '2026-01-09 07:23:58', '2026-01-09 07:23:58'),
(3, 1, 'Logout dari sistem', 'App\\Models\\User', 1, NULL, '2026-01-09 07:24:17', '2026-01-09 07:24:17'),
(4, 3, 'Login ke sistem', 'App\\Models\\User', 3, NULL, '2026-01-09 07:24:21', '2026-01-09 07:24:21'),
(5, 3, 'Mengajukan peminjaman #1', 'App\\Models\\Borrowing', 1, NULL, '2026-01-09 14:25:07', '2026-01-09 14:25:07'),
(6, 3, 'Mengajukan peminjaman baru', 'App\\Models\\Borrowing', 1, NULL, '2026-01-09 07:25:07', '2026-01-09 07:25:07'),
(7, 3, 'Mengajukan peminjaman #2', 'App\\Models\\Borrowing', 2, NULL, '2026-01-09 14:25:07', '2026-01-09 14:25:07'),
(8, 3, 'Mengajukan peminjaman baru', 'App\\Models\\Borrowing', 2, NULL, '2026-01-09 07:25:07', '2026-01-09 07:25:07'),
(9, 3, 'Logout dari sistem', 'App\\Models\\User', 3, NULL, '2026-01-09 07:25:16', '2026-01-09 07:25:16'),
(10, 2, 'Login ke sistem', 'App\\Models\\User', 2, NULL, '2026-01-09 07:25:21', '2026-01-09 07:25:21'),
(11, 3, 'Status peminjaman #1 diubah menjadi ditolak', 'App\\Models\\Borrowing', 1, NULL, '2026-01-09 14:25:31', '2026-01-09 14:25:31'),
(12, 2, 'Menolak peminjaman ID: 1', 'App\\Models\\Borrowing', 1, NULL, '2026-01-09 07:25:31', '2026-01-09 07:25:31'),
(13, 3, 'Status peminjaman #2 diubah menjadi disetujui', 'App\\Models\\Borrowing', 2, NULL, '2026-01-09 14:25:34', '2026-01-09 14:25:34'),
(14, 2, 'Menyetujui peminjaman ID: 2', 'App\\Models\\Borrowing', 2, NULL, '2026-01-09 07:25:34', '2026-01-09 07:25:34'),
(15, 2, 'Logout dari sistem', 'App\\Models\\User', 2, NULL, '2026-01-09 07:25:54', '2026-01-09 07:25:54'),
(16, 3, 'Login ke sistem', 'App\\Models\\User', 3, NULL, '2026-01-09 07:25:58', '2026-01-09 07:25:58'),
(17, 3, 'Status peminjaman #2 diubah menjadi dikembalikan', 'App\\Models\\Borrowing', 2, NULL, '2026-01-09 14:26:25', '2026-01-09 14:26:25'),
(18, 3, 'Mengembalikan peminjaman ID: 2', 'App\\Models\\ReturnModel', 1, NULL, '2026-01-09 07:26:25', '2026-01-09 07:26:25'),
(19, 3, 'Mengajukan peminjaman #3', 'App\\Models\\Borrowing', 3, NULL, '2026-01-09 14:37:20', '2026-01-09 14:37:20'),
(20, 3, 'Mengajukan peminjaman baru', 'App\\Models\\Borrowing', 3, NULL, '2026-01-09 07:37:20', '2026-01-09 07:37:20'),
(21, 3, 'Logout dari sistem', 'App\\Models\\User', 3, NULL, '2026-01-09 07:37:23', '2026-01-09 07:37:23'),
(22, 2, 'Login ke sistem', 'App\\Models\\User', 2, NULL, '2026-01-09 07:37:28', '2026-01-09 07:37:28'),
(23, 3, 'Status peminjaman #3 diubah menjadi disetujui', 'App\\Models\\Borrowing', 3, NULL, '2026-01-09 14:37:34', '2026-01-09 14:37:34'),
(24, 2, 'Menyetujui peminjaman ID: 3', 'App\\Models\\Borrowing', 3, NULL, '2026-01-09 07:37:34', '2026-01-09 07:37:34'),
(25, 2, 'Logout dari sistem', 'App\\Models\\User', 2, NULL, '2026-01-09 07:37:45', '2026-01-09 07:37:45'),
(26, 1, 'Login ke sistem', 'App\\Models\\User', 1, NULL, '2026-01-09 07:37:50', '2026-01-09 07:37:50'),
(27, 1, 'Logout dari sistem', 'App\\Models\\User', 1, NULL, '2026-01-09 07:37:58', '2026-01-09 07:37:58'),
(28, 3, 'Login ke sistem', 'App\\Models\\User', 3, NULL, '2026-01-09 07:38:03', '2026-01-09 07:38:03'),
(29, 3, 'Logout dari sistem', 'App\\Models\\User', 3, NULL, '2026-01-09 07:39:48', '2026-01-09 07:39:48'),
(30, 2, 'Login ke sistem', 'App\\Models\\User', 2, NULL, '2026-01-09 07:39:54', '2026-01-09 07:39:54'),
(31, 2, 'Logout dari sistem', 'App\\Models\\User', 2, NULL, '2026-01-09 07:42:05', '2026-01-09 07:42:05'),
(32, 1, 'Login ke sistem', 'App\\Models\\User', 1, NULL, '2026-01-09 07:42:09', '2026-01-09 07:42:09'),
(33, 1, 'Logout dari sistem', 'App\\Models\\User', 1, NULL, '2026-01-09 07:42:28', '2026-01-09 07:42:28'),
(34, 2, 'Login ke sistem', 'App\\Models\\User', 2, NULL, '2026-01-09 07:44:16', '2026-01-09 07:44:16'),
(35, 2, 'Login ke sistem', 'App\\Models\\User', 2, NULL, '2026-01-10 14:27:27', '2026-01-10 14:27:27'),
(36, 2, 'Logout dari sistem', 'App\\Models\\User', 2, NULL, '2026-01-10 14:35:15', '2026-01-10 14:35:15'),
(37, 1, 'Login ke sistem', 'App\\Models\\User', 1, NULL, '2026-01-10 14:35:21', '2026-01-10 14:35:21'),
(38, 1, 'Logout dari sistem', 'App\\Models\\User', 1, NULL, '2026-01-10 14:38:16', '2026-01-10 14:38:16'),
(39, 3, 'Login ke sistem', 'App\\Models\\User', 3, NULL, '2026-01-10 14:38:20', '2026-01-10 14:38:20'),
(40, 3, 'Mengajukan peminjaman #4', 'App\\Models\\Borrowing', 4, NULL, '2026-01-10 21:39:03', '2026-01-10 21:39:03'),
(41, 3, 'Mengajukan peminjaman baru', 'App\\Models\\Borrowing', 4, NULL, '2026-01-10 14:39:03', '2026-01-10 14:39:03'),
(42, 3, 'Logout dari sistem', 'App\\Models\\User', 3, NULL, '2026-01-10 14:39:07', '2026-01-10 14:39:07'),
(43, 2, 'Login ke sistem', 'App\\Models\\User', 2, NULL, '2026-01-10 14:39:12', '2026-01-10 14:39:12'),
(44, 3, 'Status peminjaman #4 diubah menjadi disetujui', 'App\\Models\\Borrowing', 4, NULL, '2026-01-10 21:39:24', '2026-01-10 21:39:24'),
(45, 2, 'Menyetujui peminjaman ID: 4', 'App\\Models\\Borrowing', 4, NULL, '2026-01-10 14:39:24', '2026-01-10 14:39:24'),
(46, 2, 'Logout dari sistem', 'App\\Models\\User', 2, NULL, '2026-01-10 14:39:31', '2026-01-10 14:39:31'),
(47, 1, 'Login ke sistem', 'App\\Models\\User', 1, NULL, '2026-01-10 14:39:35', '2026-01-10 14:39:35'),
(48, 1, 'Logout dari sistem', 'App\\Models\\User', 1, NULL, '2026-01-10 14:39:40', '2026-01-10 14:39:40'),
(49, 3, 'Login ke sistem', 'App\\Models\\User', 3, NULL, '2026-01-10 14:40:30', '2026-01-10 14:40:30'),
(50, 3, 'Logout dari sistem', 'App\\Models\\User', 3, NULL, '2026-01-10 14:43:19', '2026-01-10 14:43:19'),
(51, 3, 'Login ke sistem', 'App\\Models\\User', 3, NULL, '2026-01-10 14:43:24', '2026-01-10 14:43:24'),
(52, 3, 'Logout dari sistem', 'App\\Models\\User', 3, NULL, '2026-01-10 14:53:47', '2026-01-10 14:53:47'),
(53, 2, 'Login ke sistem', 'App\\Models\\User', 2, NULL, '2026-01-10 14:53:52', '2026-01-10 14:53:52'),
(54, 3, 'Status peminjaman #3 diubah menjadi dikembalikan', 'App\\Models\\Borrowing', 3, NULL, '2026-01-10 21:54:01', '2026-01-10 21:54:01'),
(55, 2, 'Memproses pengembalian peminjaman ID: 3', 'App\\Models\\ReturnModel', 2, NULL, '2026-01-10 14:54:01', '2026-01-10 14:54:01'),
(56, 2, 'Logout dari sistem', 'App\\Models\\User', 2, NULL, '2026-01-10 14:55:47', '2026-01-10 14:55:47'),
(57, 3, 'Login ke sistem', 'App\\Models\\User', 3, NULL, '2026-01-10 14:55:52', '2026-01-10 14:55:52'),
(58, 3, 'Mengajukan peminjaman #5', 'App\\Models\\Borrowing', 5, NULL, '2026-01-10 21:56:19', '2026-01-10 21:56:19'),
(59, 3, 'Mengajukan peminjaman baru', 'App\\Models\\Borrowing', 5, NULL, '2026-01-10 14:56:19', '2026-01-10 14:56:19'),
(60, 3, 'Logout dari sistem', 'App\\Models\\User', 3, NULL, '2026-01-10 14:56:34', '2026-01-10 14:56:34'),
(61, 2, 'Login ke sistem', 'App\\Models\\User', 2, NULL, '2026-01-10 14:56:39', '2026-01-10 14:56:39'),
(62, 3, 'Status peminjaman #5 diubah menjadi disetujui', 'App\\Models\\Borrowing', 5, NULL, '2026-01-10 21:56:47', '2026-01-10 21:56:47'),
(63, 2, 'Menyetujui peminjaman ID: 5', 'App\\Models\\Borrowing', 5, NULL, '2026-01-10 14:56:47', '2026-01-10 14:56:47'),
(64, 2, 'Logout dari sistem', 'App\\Models\\User', 2, NULL, '2026-01-10 15:48:51', '2026-01-10 15:48:51'),
(65, 2, 'Login ke sistem', 'App\\Models\\User', 2, NULL, '2026-01-10 15:48:58', '2026-01-10 15:48:58'),
(66, 2, 'Logout dari sistem', 'App\\Models\\User', 2, NULL, '2026-01-10 15:49:22', '2026-01-10 15:49:22'),
(67, 3, 'Login ke sistem', 'App\\Models\\User', 3, NULL, '2026-01-10 15:49:28', '2026-01-10 15:49:28'),
(68, 3, 'Logout dari sistem', 'App\\Models\\User', 3, NULL, '2026-01-10 15:49:58', '2026-01-10 15:49:58'),
(69, 2, 'Login ke sistem', 'App\\Models\\User', 2, NULL, '2026-01-10 15:50:03', '2026-01-10 15:50:03'),
(70, 2, 'Logout dari sistem', 'App\\Models\\User', 2, NULL, '2026-01-10 15:50:12', '2026-01-10 15:50:12'),
(71, 3, 'Login ke sistem', 'App\\Models\\User', 3, NULL, '2026-01-10 15:50:17', '2026-01-10 15:50:17'),
(72, 3, 'Logout dari sistem', 'App\\Models\\User', 3, NULL, '2026-01-10 15:50:55', '2026-01-10 15:50:55'),
(73, 2, 'Login ke sistem', 'App\\Models\\User', 2, NULL, '2026-01-10 15:51:00', '2026-01-10 15:51:00'),
(74, 2, 'Mengirim pengingat pengembalian ke peminjam ID: 3 untuk peminjaman #5', 'App\\Models\\Borrowing', 5, NULL, '2026-01-10 15:53:11', '2026-01-10 15:53:11'),
(75, 2, 'Logout dari sistem', 'App\\Models\\User', 2, NULL, '2026-01-10 15:53:14', '2026-01-10 15:53:14'),
(76, 3, 'Login ke sistem', 'App\\Models\\User', 3, NULL, '2026-01-10 15:53:19', '2026-01-10 15:53:19'),
(77, 3, 'Logout dari sistem', 'App\\Models\\User', 3, NULL, '2026-01-10 16:21:40', '2026-01-10 16:21:40'),
(78, 3, 'Login ke sistem', 'App\\Models\\User', 3, NULL, '2026-01-10 16:21:46', '2026-01-10 16:21:46'),
(79, 3, 'Logout dari sistem', 'App\\Models\\User', 3, NULL, '2026-01-10 16:21:58', '2026-01-10 16:21:58'),
(80, 1, 'Login ke sistem', 'App\\Models\\User', 1, NULL, '2026-01-10 16:22:03', '2026-01-10 16:22:03'),
(81, 1, 'Logout dari sistem', 'App\\Models\\User', 1, NULL, '2026-01-10 16:22:07', '2026-01-10 16:22:07'),
(82, 2, 'Login ke sistem', 'App\\Models\\User', 2, NULL, '2026-01-10 16:22:11', '2026-01-10 16:22:11'),
(83, 2, 'Logout dari sistem', 'App\\Models\\User', 2, NULL, '2026-01-10 16:32:17', '2026-01-10 16:32:17'),
(84, 1, 'Login ke sistem', 'App\\Models\\User', 1, NULL, '2026-01-10 16:32:23', '2026-01-10 16:32:23'),
(85, 1, 'Logout dari sistem', 'App\\Models\\User', 1, NULL, '2026-01-10 16:33:37', '2026-01-10 16:33:37'),
(86, 1, 'Login ke sistem', 'App\\Models\\User', 1, NULL, '2026-01-10 16:35:29', '2026-01-10 16:35:29'),
(87, 1, 'Logout dari sistem', 'App\\Models\\User', 1, NULL, '2026-01-10 16:35:47', '2026-01-10 16:35:47'),
(88, 3, 'Login ke sistem', 'App\\Models\\User', 3, NULL, '2026-01-10 16:35:52', '2026-01-10 16:35:52'),
(89, 3, 'Logout dari sistem', 'App\\Models\\User', 3, NULL, '2026-01-10 16:53:50', '2026-01-10 16:53:50'),
(90, 3, 'Login ke sistem', 'App\\Models\\User', 3, NULL, '2026-01-10 16:53:58', '2026-01-10 16:53:58'),
(91, 3, 'Logout dari sistem', 'App\\Models\\User', 3, NULL, '2026-01-10 16:54:30', '2026-01-10 16:54:30'),
(92, 3, 'Login ke sistem', 'App\\Models\\User', 3, NULL, '2026-01-10 16:54:34', '2026-01-10 16:54:34'),
(93, 3, 'Logout dari sistem', 'App\\Models\\User', 3, NULL, '2026-01-10 17:01:24', '2026-01-10 17:01:24'),
(94, 3, 'Login ke sistem', 'App\\Models\\User', 3, NULL, '2026-01-10 17:01:28', '2026-01-10 17:01:28'),
(95, 3, 'Logout dari sistem', 'App\\Models\\User', 3, NULL, '2026-01-10 17:01:31', '2026-01-10 17:01:31'),
(96, 1, 'Login ke sistem', 'App\\Models\\User', 1, NULL, '2026-01-10 17:01:34', '2026-01-10 17:01:34'),
(97, 1, 'Logout dari sistem', 'App\\Models\\User', 1, NULL, '2026-01-10 17:02:11', '2026-01-10 17:02:11'),
(98, 3, 'Login ke sistem', 'App\\Models\\User', 3, NULL, '2026-01-10 17:02:15', '2026-01-10 17:02:15'),
(99, 3, 'Logout dari sistem', 'App\\Models\\User', 3, NULL, '2026-01-10 17:02:19', '2026-01-10 17:02:19'),
(100, 2, 'Login ke sistem', 'App\\Models\\User', 2, NULL, '2026-01-10 17:02:23', '2026-01-10 17:02:23'),
(101, 2, 'Logout dari sistem', 'App\\Models\\User', 2, NULL, '2026-01-10 17:02:43', '2026-01-10 17:02:43'),
(102, 3, 'Login ke sistem', 'App\\Models\\User', 3, NULL, '2026-01-10 17:02:47', '2026-01-10 17:02:47'),
(105, 3, 'Mengajukan peminjaman #7', 'App\\Models\\Borrowing', 7, NULL, '2026-01-11 00:09:23', '2026-01-11 00:09:23'),
(106, 3, 'Mengajukan peminjaman baru', 'App\\Models\\Borrowing', 7, NULL, '2026-01-10 17:09:23', '2026-01-10 17:09:23'),
(107, 3, 'Mengajukan peminjaman #8', 'App\\Models\\Borrowing', 8, NULL, '2026-01-11 00:09:43', '2026-01-11 00:09:43'),
(108, 3, 'Mengajukan peminjaman baru', 'App\\Models\\Borrowing', 8, NULL, '2026-01-10 17:09:43', '2026-01-10 17:09:43'),
(109, 3, 'Logout dari sistem', 'App\\Models\\User', 3, NULL, '2026-01-10 17:09:49', '2026-01-10 17:09:49'),
(110, 2, 'Login ke sistem', 'App\\Models\\User', 2, NULL, '2026-01-10 17:09:54', '2026-01-10 17:09:54'),
(111, 3, 'Status peminjaman #8 diubah menjadi disetujui', 'App\\Models\\Borrowing', 8, NULL, '2026-01-11 00:10:06', '2026-01-11 00:10:06'),
(112, 2, 'Menyetujui peminjaman ID: 8', 'App\\Models\\Borrowing', 8, NULL, '2026-01-10 17:10:06', '2026-01-10 17:10:06'),
(113, 3, 'Status peminjaman #7 diubah menjadi disetujui', 'App\\Models\\Borrowing', 7, NULL, '2026-01-11 00:10:14', '2026-01-11 00:10:14'),
(114, 2, 'Menyetujui peminjaman ID: 7', 'App\\Models\\Borrowing', 7, NULL, '2026-01-10 17:10:14', '2026-01-10 17:10:14'),
(115, 2, 'Logout dari sistem', 'App\\Models\\User', 2, NULL, '2026-01-10 17:11:06', '2026-01-10 17:11:06'),
(116, 1, 'Login ke sistem', 'App\\Models\\User', 1, NULL, '2026-01-10 17:11:10', '2026-01-10 17:11:10'),
(117, 1, 'Logout dari sistem', 'App\\Models\\User', 1, NULL, '2026-01-10 17:21:19', '2026-01-10 17:21:19'),
(118, 3, 'Login ke sistem', 'App\\Models\\User', 3, NULL, '2026-01-10 17:21:22', '2026-01-10 17:21:22'),
(119, 3, 'Status peminjaman #5 diubah menjadi dikembalikan', 'App\\Models\\Borrowing', 5, NULL, '2026-01-11 00:24:10', '2026-01-11 00:24:10'),
(120, 3, 'Mengembalikan peminjaman ID: 5', 'App\\Models\\ReturnModel', 3, NULL, '2026-01-10 17:24:10', '2026-01-10 17:24:10'),
(121, 3, 'Logout dari sistem', 'App\\Models\\User', 3, NULL, '2026-01-10 17:24:24', '2026-01-10 17:24:24'),
(122, 2, 'Login ke sistem', 'App\\Models\\User', 2, NULL, '2026-01-10 17:24:30', '2026-01-10 17:24:30'),
(123, 2, 'Logout dari sistem', 'App\\Models\\User', 2, NULL, '2026-01-10 17:24:42', '2026-01-10 17:24:42'),
(124, 1, 'Login ke sistem', 'App\\Models\\User', 1, NULL, '2026-01-10 17:24:47', '2026-01-10 17:24:47'),
(125, 1, 'Login ke sistem', 'App\\Models\\User', 1, NULL, '2026-01-10 23:26:48', '2026-01-10 23:26:48'),
(126, 1, 'Logout dari sistem', 'App\\Models\\User', 1, NULL, '2026-01-10 23:27:52', '2026-01-10 23:27:52'),
(127, 3, 'Login ke sistem', 'App\\Models\\User', 3, NULL, '2026-01-10 23:27:57', '2026-01-10 23:27:57'),
(128, 3, 'Logout dari sistem', 'App\\Models\\User', 3, NULL, '2026-01-10 23:28:24', '2026-01-10 23:28:24'),
(129, 2, 'Login ke sistem', 'App\\Models\\User', 2, NULL, '2026-01-10 23:28:28', '2026-01-10 23:28:28'),
(130, 2, 'Mengirim pengingat pengembalian ke peminjam ID: 3 untuk peminjaman #4', 'App\\Models\\Borrowing', 4, NULL, '2026-01-10 23:37:32', '2026-01-10 23:37:32'),
(131, 2, 'Logout dari sistem', 'App\\Models\\User', 2, NULL, '2026-01-10 23:38:19', '2026-01-10 23:38:19'),
(132, 3, 'Login ke sistem', 'App\\Models\\User', 3, NULL, '2026-01-10 23:38:24', '2026-01-10 23:38:24'),
(133, 3, 'Logout dari sistem', 'App\\Models\\User', 3, NULL, '2026-01-10 23:49:47', '2026-01-10 23:49:47'),
(134, 2, 'Login ke sistem', 'App\\Models\\User', 2, NULL, '2026-01-10 23:49:52', '2026-01-10 23:49:52'),
(135, 2, 'Logout dari sistem', 'App\\Models\\User', 2, NULL, '2026-01-11 00:00:22', '2026-01-11 00:00:22'),
(136, 3, 'Login ke sistem', 'App\\Models\\User', 3, NULL, '2026-01-11 00:00:27', '2026-01-11 00:00:27'),
(137, 3, 'Logout dari sistem', 'App\\Models\\User', 3, NULL, '2026-01-11 00:00:39', '2026-01-11 00:00:39'),
(138, 2, 'Login ke sistem', 'App\\Models\\User', 2, NULL, '2026-01-11 00:00:47', '2026-01-11 00:00:47'),
(139, 2, 'Mengirim notifikasi estimasi denda ke peminjam ID: 3 untuk peminjaman #4 (Denda: Rp 5.000)', 'App\\Models\\Borrowing', 4, NULL, '2026-01-11 00:13:23', '2026-01-11 00:13:23'),
(140, 2, 'Logout dari sistem', 'App\\Models\\User', 2, NULL, '2026-01-11 00:13:27', '2026-01-11 00:13:27'),
(141, 3, 'Login ke sistem', 'App\\Models\\User', 3, NULL, '2026-01-11 00:13:33', '2026-01-11 00:13:33'),
(142, 3, 'Status peminjaman #7 diubah menjadi dikembalikan', 'App\\Models\\Borrowing', 7, NULL, '2026-01-11 07:14:30', '2026-01-11 07:14:30'),
(143, 3, 'Mengembalikan peminjaman ID: 7', 'App\\Models\\ReturnModel', 4, NULL, '2026-01-11 00:14:30', '2026-01-11 00:14:30'),
(144, 3, 'Logout dari sistem', 'App\\Models\\User', 3, NULL, '2026-01-11 00:14:37', '2026-01-11 00:14:37'),
(145, 2, 'Login ke sistem', 'App\\Models\\User', 2, NULL, '2026-01-11 00:14:42', '2026-01-11 00:14:42'),
(146, 2, 'Logout dari sistem', 'App\\Models\\User', 2, NULL, '2026-01-11 00:15:04', '2026-01-11 00:15:04'),
(147, 1, 'Login ke sistem', 'App\\Models\\User', 1, NULL, '2026-01-11 00:15:08', '2026-01-11 00:15:08'),
(148, 1, 'Logout dari sistem', 'App\\Models\\User', 1, NULL, '2026-01-11 00:15:56', '2026-01-11 00:15:56'),
(149, 3, 'Login ke sistem', 'App\\Models\\User', 3, NULL, '2026-01-11 00:16:00', '2026-01-11 00:16:00'),
(150, 3, 'Logout dari sistem', 'App\\Models\\User', 3, NULL, '2026-01-11 00:16:09', '2026-01-11 00:16:09'),
(151, 1, 'Login ke sistem', 'App\\Models\\User', 1, NULL, '2026-01-11 00:16:16', '2026-01-11 00:16:16'),
(152, 1, 'Logout dari sistem', 'App\\Models\\User', 1, NULL, '2026-01-11 00:27:21', '2026-01-11 00:27:21'),
(153, 1, 'Login ke sistem', 'App\\Models\\User', 1, NULL, '2026-01-11 00:27:25', '2026-01-11 00:27:25'),
(154, 1, 'Logout dari sistem', 'App\\Models\\User', 1, NULL, '2026-01-11 00:28:42', '2026-01-11 00:28:42'),
(155, 3, 'Login ke sistem', 'App\\Models\\User', 3, NULL, '2026-01-11 00:28:46', '2026-01-11 00:28:46'),
(156, 3, 'Logout dari sistem', 'App\\Models\\User', 3, NULL, '2026-01-11 01:51:37', '2026-01-11 01:51:37'),
(157, 2, 'Login ke sistem', 'App\\Models\\User', 2, NULL, '2026-01-11 01:51:42', '2026-01-11 01:51:42'),
(158, 2, 'Logout dari sistem', 'App\\Models\\User', 2, NULL, '2026-01-11 03:04:32', '2026-01-11 03:04:32'),
(159, 2, 'Login ke sistem', 'App\\Models\\User', 2, NULL, '2026-01-11 12:15:56', '2026-01-11 12:15:56'),
(160, 2, 'Logout dari sistem', 'App\\Models\\User', 2, NULL, '2026-01-11 12:16:49', '2026-01-11 12:16:49'),
(161, 3, 'Login ke sistem', 'App\\Models\\User', 3, NULL, '2026-01-11 12:16:53', '2026-01-11 12:16:53'),
(162, 3, 'Logout dari sistem', 'App\\Models\\User', 3, NULL, '2026-01-11 12:17:25', '2026-01-11 12:17:25'),
(163, 3, 'Login ke sistem', 'App\\Models\\User', 3, NULL, '2026-01-12 02:23:31', '2026-01-12 02:23:31'),
(164, 3, 'Logout dari sistem', 'App\\Models\\User', 3, NULL, '2026-01-12 02:31:06', '2026-01-12 02:31:06'),
(165, 1, 'Login ke sistem', 'App\\Models\\User', 1, NULL, '2026-01-12 02:31:10', '2026-01-12 02:31:10'),
(166, 1, 'Logout dari sistem', 'App\\Models\\User', 1, NULL, '2026-01-12 02:32:03', '2026-01-12 02:32:03'),
(167, 2, 'Login ke sistem', 'App\\Models\\User', 2, NULL, '2026-01-12 02:32:08', '2026-01-12 02:32:08'),
(168, 2, 'Logout dari sistem', 'App\\Models\\User', 2, NULL, '2026-01-12 02:43:33', '2026-01-12 02:43:33'),
(169, 1, 'Login ke sistem', 'App\\Models\\User', 1, NULL, '2026-01-12 02:43:38', '2026-01-12 02:43:38'),
(170, 1, 'Logout dari sistem', 'App\\Models\\User', 1, NULL, '2026-01-12 03:19:08', '2026-01-12 03:19:08'),
(171, 1, 'Login ke sistem', 'App\\Models\\User', 1, NULL, '2026-01-12 03:20:16', '2026-01-12 03:20:16'),
(172, 1, 'Logout dari sistem', 'App\\Models\\User', 1, NULL, '2026-01-12 03:20:27', '2026-01-12 03:20:27'),
(173, 3, 'Login ke sistem', 'App\\Models\\User', 3, NULL, '2026-01-12 03:20:31', '2026-01-12 03:20:31'),
(174, 3, 'Logout dari sistem', 'App\\Models\\User', 3, NULL, '2026-01-12 03:21:29', '2026-01-12 03:21:29'),
(175, 3, 'Login ke sistem', 'App\\Models\\User', 3, NULL, '2026-01-12 03:21:43', '2026-01-12 03:21:43'),
(176, 3, 'Login ke sistem', 'App\\Models\\User', 3, NULL, '2026-01-12 03:22:03', '2026-01-12 03:22:03'),
(177, 1, 'Login ke sistem', 'App\\Models\\User', 1, NULL, '2026-01-12 04:09:59', '2026-01-12 04:09:59'),
(178, 1, 'Logout dari sistem', 'App\\Models\\User', 1, NULL, '2026-01-12 04:10:14', '2026-01-12 04:10:14'),
(179, 3, 'Login ke sistem', 'App\\Models\\User', 3, NULL, '2026-01-12 04:10:34', '2026-01-12 04:10:34'),
(180, 3, 'Logout dari sistem', 'App\\Models\\User', 3, NULL, '2026-01-12 04:10:46', '2026-01-12 04:10:46'),
(181, 2, 'Login ke sistem', 'App\\Models\\User', 2, NULL, '2026-01-12 04:10:52', '2026-01-12 04:10:52'),
(182, 2, 'Logout dari sistem', 'App\\Models\\User', 2, NULL, '2026-01-12 05:20:50', '2026-01-12 05:20:50'),
(183, 1, 'Login ke sistem', 'App\\Models\\User', 1, NULL, '2026-01-12 05:20:55', '2026-01-12 05:20:55'),
(184, 1, 'Logout dari sistem', 'App\\Models\\User', 1, NULL, '2026-01-12 06:34:23', '2026-01-12 06:34:23'),
(185, 1, 'Login ke sistem', 'App\\Models\\User', 1, NULL, '2026-01-12 06:34:59', '2026-01-12 06:34:59'),
(186, 1, 'Logout dari sistem', 'App\\Models\\User', 1, NULL, '2026-01-12 06:44:26', '2026-01-12 06:44:26'),
(187, 1, 'Login ke sistem', 'App\\Models\\User', 1, NULL, '2026-01-12 06:46:01', '2026-01-12 06:46:01'),
(188, 1, 'Menambah alat: Monitor', 'App\\Models\\Tool', 2, NULL, '2026-01-12 06:49:50', '2026-01-12 06:49:50'),
(189, 1, 'Logout dari sistem', 'App\\Models\\User', 1, NULL, '2026-01-12 06:50:00', '2026-01-12 06:50:00'),
(190, 3, 'Login ke sistem', 'App\\Models\\User', 3, NULL, '2026-01-12 06:50:04', '2026-01-12 06:50:04'),
(191, 3, 'Logout dari sistem', 'App\\Models\\User', 3, NULL, '2026-01-12 06:50:36', '2026-01-12 06:50:36'),
(192, 5, 'Registrasi akun baru', 'App\\Models\\User', 5, NULL, '2026-01-12 07:04:44', '2026-01-12 07:04:44'),
(193, 5, 'Logout dari sistem', 'App\\Models\\User', 5, NULL, '2026-01-12 07:04:55', '2026-01-12 07:04:55'),
(194, 5, 'Login ke sistem', 'App\\Models\\User', 5, NULL, '2026-01-12 07:19:41', '2026-01-12 07:19:41'),
(195, 5, 'Logout dari sistem', 'App\\Models\\User', 5, NULL, '2026-01-12 07:19:47', '2026-01-12 07:19:47'),
(196, 1, 'Login ke sistem', 'App\\Models\\User', 1, NULL, '2026-01-12 12:18:35', '2026-01-12 12:18:35'),
(197, 1, 'Login ke sistem', 'App\\Models\\User', 1, NULL, '2026-01-12 12:18:56', '2026-01-12 12:18:56'),
(198, 1, 'Logout dari sistem', 'App\\Models\\User', 1, NULL, '2026-01-12 12:19:05', '2026-01-12 12:19:05'),
(199, 1, 'Login ke sistem', 'App\\Models\\User', 1, NULL, '2026-01-12 13:07:44', '2026-01-12 13:07:44'),
(200, 1, 'Logout dari sistem', 'App\\Models\\User', 1, NULL, '2026-01-12 13:08:12', '2026-01-12 13:08:12'),
(201, 1, 'Login ke sistem', 'App\\Models\\User', 1, NULL, '2026-01-13 01:02:51', '2026-01-13 01:02:51'),
(202, 1, 'Logout dari sistem', 'App\\Models\\User', 1, NULL, '2026-01-13 01:04:53', '2026-01-13 01:04:53');
INSERT INTO `activity_logs` (`id`, `user_id`, `aktivitas`, `model_type`, `model_id`, `detail`, `created_at`, `updated_at`) VALUES
(203, 3, 'Login ke sistem', 'App\\Models\\User', 3, NULL, '2026-01-13 01:04:59', '2026-01-13 01:04:59'),
(204, 3, 'Logout dari sistem', 'App\\Models\\User', 3, NULL, '2026-01-13 01:36:56', '2026-01-13 01:36:56'),
(205, 2, 'Login ke sistem', 'App\\Models\\User', 2, NULL, '2026-01-13 01:37:09', '2026-01-13 01:37:09'),
(206, 2, 'Mengirim notifikasi estimasi denda ke peminjam ID: 3 untuk peminjaman #8 (Denda: Rp 10.000)', 'App\\Models\\Borrowing', 8, NULL, '2026-01-13 01:37:40', '2026-01-13 01:37:40'),
(207, 2, 'Mengirim notifikasi estimasi denda ke peminjam ID: 3 untuk peminjaman #8 (Denda: Rp 10.000)', 'App\\Models\\Borrowing', 8, NULL, '2026-01-13 01:37:42', '2026-01-13 01:37:42'),
(208, 2, 'Mengirim notifikasi estimasi denda ke peminjam ID: 3 untuk peminjaman #8 (Denda: Rp 10.000)', 'App\\Models\\Borrowing', 8, NULL, '2026-01-13 01:37:43', '2026-01-13 01:37:43'),
(209, 2, 'Mengirim notifikasi estimasi denda ke peminjam ID: 3 untuk peminjaman #8 (Denda: Rp 10.000)', 'App\\Models\\Borrowing', 8, NULL, '2026-01-13 01:37:58', '2026-01-13 01:37:58'),
(210, 2, 'Logout dari sistem', 'App\\Models\\User', 2, NULL, '2026-01-13 01:38:08', '2026-01-13 01:38:08'),
(211, 3, 'Login ke sistem', 'App\\Models\\User', 3, NULL, '2026-01-13 01:38:14', '2026-01-13 01:38:14'),
(212, 3, 'Logout dari sistem', 'App\\Models\\User', 3, NULL, '2026-01-13 01:39:31', '2026-01-13 01:39:31'),
(213, 1, 'Login ke sistem', 'App\\Models\\User', 1, NULL, '2026-01-13 01:39:45', '2026-01-13 01:39:45'),
(214, 1, 'Menambah user baru: Dedi', 'App\\Models\\User', 6, NULL, '2026-01-13 01:40:34', '2026-01-13 01:40:34'),
(215, 1, 'Menambah alat: Mouse', 'App\\Models\\Tool', 3, NULL, '2026-01-13 01:41:17', '2026-01-13 01:41:17'),
(216, 1, 'Logout dari sistem', 'App\\Models\\User', 1, NULL, '2026-01-13 01:41:22', '2026-01-13 01:41:22'),
(217, 3, 'Login ke sistem', 'App\\Models\\User', 3, NULL, '2026-01-13 01:41:33', '2026-01-13 01:41:33'),
(218, 3, 'Login ke sistem', 'App\\Models\\User', 3, NULL, '2026-01-13 07:11:40', '2026-01-13 07:11:40'),
(219, 3, 'Logout dari sistem', 'App\\Models\\User', 3, NULL, '2026-01-13 07:12:00', '2026-01-13 07:12:00'),
(220, 1, 'Login ke sistem', 'App\\Models\\User', 1, NULL, '2026-01-13 16:20:56', '2026-01-13 16:20:56'),
(221, 1, 'Mengupdate alat: Solder', 'App\\Models\\Tool', 1, NULL, '2026-01-13 16:21:31', '2026-01-13 16:21:31'),
(222, 1, 'Logout dari sistem', 'App\\Models\\User', 1, NULL, '2026-01-13 16:22:01', '2026-01-13 16:22:01'),
(223, 2, 'Login ke sistem', 'App\\Models\\User', 2, NULL, '2026-01-13 16:22:25', '2026-01-13 16:22:25'),
(224, 2, 'Logout dari sistem', 'App\\Models\\User', 2, NULL, '2026-01-13 16:23:44', '2026-01-13 16:23:44'),
(225, 3, 'Login ke sistem', 'App\\Models\\User', 3, NULL, '2026-01-13 16:24:03', '2026-01-13 16:24:03'),
(226, 2, 'Login ke sistem', 'App\\Models\\User', 2, NULL, '2026-01-14 00:36:42', '2026-01-14 00:36:42'),
(227, 2, 'Logout dari sistem', 'App\\Models\\User', 2, NULL, '2026-01-14 01:03:36', '2026-01-14 01:03:36'),
(228, 1, 'Login ke sistem', 'App\\Models\\User', 1, NULL, '2026-01-14 01:03:59', '2026-01-14 01:03:59'),
(229, 1, 'Logout dari sistem', 'App\\Models\\User', 1, NULL, '2026-01-14 01:04:29', '2026-01-14 01:04:29'),
(230, 3, 'Login ke sistem', 'App\\Models\\User', 3, NULL, '2026-01-14 01:04:34', '2026-01-14 01:04:34'),
(231, 3, 'Mengajukan peminjaman #9', 'App\\Models\\Borrowing', 9, NULL, '2026-01-14 08:05:08', '2026-01-14 08:05:08'),
(232, 3, 'Mengajukan peminjaman baru', 'App\\Models\\Borrowing', 9, NULL, '2026-01-14 01:05:08', '2026-01-14 01:05:08'),
(233, 3, 'Logout dari sistem', 'App\\Models\\User', 3, NULL, '2026-01-14 01:05:16', '2026-01-14 01:05:16'),
(234, 2, 'Login ke sistem', 'App\\Models\\User', 2, NULL, '2026-01-14 01:05:23', '2026-01-14 01:05:23'),
(235, 3, 'Status peminjaman #9 diubah menjadi disetujui', 'App\\Models\\Borrowing', 9, NULL, '2026-01-14 08:05:41', '2026-01-14 08:05:41'),
(236, 2, 'Menyetujui peminjaman ID: 9', 'App\\Models\\Borrowing', 9, NULL, '2026-01-14 01:05:41', '2026-01-14 01:05:41'),
(237, 2, 'Logout dari sistem', 'App\\Models\\User', 2, NULL, '2026-01-14 01:06:10', '2026-01-14 01:06:10'),
(238, 1, 'Login ke sistem', 'App\\Models\\User', 1, NULL, '2026-01-14 01:07:32', '2026-01-14 01:07:32'),
(239, 1, 'Menambah user baru: Rendi', 'App\\Models\\User', 7, NULL, '2026-01-14 01:08:19', '2026-01-14 01:08:19'),
(240, 1, 'Logout dari sistem', 'App\\Models\\User', 1, NULL, '2026-01-14 01:09:08', '2026-01-14 01:09:08'),
(241, 3, 'Login ke sistem', 'App\\Models\\User', 3, NULL, '2026-01-14 01:09:17', '2026-01-14 01:09:17'),
(242, 3, 'Mengajukan peminjaman #10', 'App\\Models\\Borrowing', 10, NULL, '2026-01-14 08:10:15', '2026-01-14 08:10:15'),
(243, 3, 'Mengajukan peminjaman baru', 'App\\Models\\Borrowing', 10, NULL, '2026-01-14 01:10:16', '2026-01-14 01:10:16'),
(244, 3, 'Logout dari sistem', 'App\\Models\\User', 3, NULL, '2026-01-14 01:10:28', '2026-01-14 01:10:28'),
(245, 2, 'Login ke sistem', 'App\\Models\\User', 2, NULL, '2026-01-14 01:14:48', '2026-01-14 01:14:48'),
(246, 3, 'Status peminjaman #10 diubah menjadi disetujui', 'App\\Models\\Borrowing', 10, NULL, '2026-01-14 08:14:58', '2026-01-14 08:14:58'),
(247, 2, 'Menyetujui peminjaman ID: 10', 'App\\Models\\Borrowing', 10, NULL, '2026-01-14 01:14:58', '2026-01-14 01:14:58'),
(248, 2, 'Login ke sistem', 'App\\Models\\User', 2, NULL, '2026-01-14 01:18:12', '2026-01-14 01:18:12'),
(249, 2, 'Logout dari sistem', 'App\\Models\\User', 2, NULL, '2026-01-14 01:22:17', '2026-01-14 01:22:17'),
(250, 2, 'Login ke sistem', 'App\\Models\\User', 2, NULL, '2026-01-14 01:22:27', '2026-01-14 01:22:27'),
(251, 2, 'Logout dari sistem', 'App\\Models\\User', 2, NULL, '2026-01-14 01:29:22', '2026-01-14 01:29:22'),
(252, 3, 'Login ke sistem', 'App\\Models\\User', 3, NULL, '2026-01-14 01:31:42', '2026-01-14 01:31:42'),
(253, 3, 'Mengajukan peminjaman #11', 'App\\Models\\Borrowing', 11, NULL, '2026-01-14 08:32:23', '2026-01-14 08:32:23'),
(254, 3, 'Mengajukan peminjaman baru', 'App\\Models\\Borrowing', 11, NULL, '2026-01-14 01:32:23', '2026-01-14 01:32:23'),
(255, 3, 'Logout dari sistem', 'App\\Models\\User', 3, NULL, '2026-01-14 01:32:30', '2026-01-14 01:32:30'),
(256, 2, 'Login ke sistem', 'App\\Models\\User', 2, NULL, '2026-01-14 01:32:36', '2026-01-14 01:32:36'),
(257, 3, 'Status peminjaman #11 diubah menjadi disetujui', 'App\\Models\\Borrowing', 11, NULL, '2026-01-14 08:32:41', '2026-01-14 08:32:41'),
(258, 2, 'Menyetujui peminjaman ID: 11', 'App\\Models\\Borrowing', 11, NULL, '2026-01-14 01:32:41', '2026-01-14 01:32:41'),
(259, 2, 'Logout dari sistem', 'App\\Models\\User', 2, NULL, '2026-01-14 01:32:46', '2026-01-14 01:32:46'),
(260, 1, 'Login ke sistem', 'App\\Models\\User', 1, NULL, '2026-01-14 01:32:54', '2026-01-14 01:32:54'),
(261, 1, 'Mengupdate user: Admin', 'App\\Models\\User', 1, NULL, '2026-01-14 01:33:15', '2026-01-14 01:33:15'),
(262, 1, 'Mengupdate user: Petugas', 'App\\Models\\User', 2, NULL, '2026-01-14 01:33:30', '2026-01-14 01:33:30'),
(263, 1, 'Mengupdate user: Peminjam', 'App\\Models\\User', 3, NULL, '2026-01-14 01:33:43', '2026-01-14 01:33:43'),
(264, 1, 'Logout dari sistem', 'App\\Models\\User', 1, NULL, '2026-01-14 01:33:50', '2026-01-14 01:33:50'),
(265, 1, 'Login ke sistem', 'App\\Models\\User', 1, NULL, '2026-01-14 01:34:03', '2026-01-14 01:34:03'),
(266, 1, 'Logout dari sistem', 'App\\Models\\User', 1, NULL, '2026-01-14 01:34:08', '2026-01-14 01:34:08'),
(267, 1, 'Login ke sistem', 'App\\Models\\User', 1, NULL, '2026-01-14 01:37:32', '2026-01-14 01:37:32'),
(268, 1, 'Logout dari sistem', 'App\\Models\\User', 1, NULL, '2026-01-14 01:38:58', '2026-01-14 01:38:58'),
(269, 3, 'Login ke sistem', 'App\\Models\\User', 3, NULL, '2026-01-14 01:39:21', '2026-01-14 01:39:21'),
(270, 3, 'Logout dari sistem', 'App\\Models\\User', 3, NULL, '2026-01-14 01:39:37', '2026-01-14 01:39:37'),
(271, 2, 'Login ke sistem', 'App\\Models\\User', 2, NULL, '2026-01-14 01:39:51', '2026-01-14 01:39:51'),
(272, 2, 'Logout dari sistem', 'App\\Models\\User', 2, NULL, '2026-01-14 01:51:34', '2026-01-14 01:51:34'),
(273, 1, 'Login ke sistem', 'App\\Models\\User', 1, NULL, '2026-01-14 01:51:56', '2026-01-14 01:51:56'),
(274, 1, 'Logout dari sistem', 'App\\Models\\User', 1, NULL, '2026-01-14 01:55:44', '2026-01-14 01:55:44'),
(275, 2, 'Login ke sistem', 'App\\Models\\User', 2, NULL, '2026-01-14 01:55:56', '2026-01-14 01:55:56'),
(276, 2, 'Logout dari sistem', 'App\\Models\\User', 2, NULL, '2026-01-14 03:35:52', '2026-01-14 03:35:52'),
(277, 3, 'Login ke sistem', 'App\\Models\\User', 3, NULL, '2026-01-14 03:36:01', '2026-01-14 03:36:01'),
(278, 2, 'Login ke sistem', 'App\\Models\\User', 2, NULL, '2026-01-14 04:00:43', '2026-01-14 04:00:43'),
(279, 3, 'Logout dari sistem', 'App\\Models\\User', 3, NULL, '2026-01-14 04:06:11', '2026-01-14 04:06:11'),
(280, 2, 'Login ke sistem', 'App\\Models\\User', 2, NULL, '2026-01-14 04:06:25', '2026-01-14 04:06:25'),
(281, 2, 'Logout dari sistem', 'App\\Models\\User', 2, NULL, '2026-01-14 04:06:36', '2026-01-14 04:06:36'),
(282, 3, 'Login ke sistem', 'App\\Models\\User', 3, NULL, '2026-01-14 04:09:23', '2026-01-14 04:09:23'),
(283, 3, 'Logout dari sistem', 'App\\Models\\User', 3, NULL, '2026-01-14 04:14:48', '2026-01-14 04:14:48'),
(284, 2, 'Login ke sistem', 'App\\Models\\User', 2, NULL, '2026-01-14 04:14:57', '2026-01-14 04:14:57'),
(285, 2, 'Logout dari sistem', 'App\\Models\\User', 2, NULL, '2026-01-14 04:15:20', '2026-01-14 04:15:20'),
(286, 5, 'Login ke sistem', 'App\\Models\\User', 5, NULL, '2026-01-14 04:15:26', '2026-01-14 04:15:26'),
(287, 5, 'Logout dari sistem', 'App\\Models\\User', 5, NULL, '2026-01-14 04:21:14', '2026-01-14 04:21:14'),
(288, 2, 'Login ke sistem', 'App\\Models\\User', 2, NULL, '2026-01-14 04:21:21', '2026-01-14 04:21:21'),
(289, 2, 'Logout dari sistem', 'App\\Models\\User', 2, NULL, '2026-01-14 04:45:22', '2026-01-14 04:45:22'),
(290, 3, 'Login ke sistem', 'App\\Models\\User', 3, NULL, '2026-01-14 04:45:29', '2026-01-14 04:45:29'),
(291, 3, 'Logout dari sistem', 'App\\Models\\User', 3, NULL, '2026-01-14 04:53:45', '2026-01-14 04:53:45'),
(292, 1, 'Login ke sistem', 'App\\Models\\User', 1, NULL, '2026-01-14 04:53:49', '2026-01-14 04:53:49'),
(293, 1, 'Logout dari sistem', 'App\\Models\\User', 1, NULL, '2026-01-14 04:54:09', '2026-01-14 04:54:09'),
(294, 1, 'Login ke sistem', 'App\\Models\\User', 1, NULL, '2026-01-14 04:54:13', '2026-01-14 04:54:13'),
(295, 1, 'Logout dari sistem', 'App\\Models\\User', 1, NULL, '2026-01-14 04:54:17', '2026-01-14 04:54:17'),
(296, 3, 'Login ke sistem', 'App\\Models\\User', 3, NULL, '2026-01-14 04:54:22', '2026-01-14 04:54:22'),
(297, 3, 'Login ke sistem', 'App\\Models\\User', 3, NULL, '2026-01-14 21:55:55', '2026-01-14 21:55:55'),
(298, 3, 'Login ke sistem', 'App\\Models\\User', 3, NULL, '2026-01-14 22:01:58', '2026-01-14 22:01:58'),
(299, 3, 'Logout dari sistem', 'App\\Models\\User', 3, NULL, '2026-01-14 22:08:01', '2026-01-14 22:08:01'),
(300, 1, 'Login ke sistem', 'App\\Models\\User', 1, NULL, '2026-01-14 22:08:15', '2026-01-14 22:08:15'),
(301, 3, 'Logout dari sistem', 'App\\Models\\User', 3, NULL, '2026-01-14 22:08:43', '2026-01-14 22:08:43'),
(302, 1, 'Login ke sistem', 'App\\Models\\User', 1, NULL, '2026-01-14 22:08:50', '2026-01-14 22:08:50'),
(303, 1, 'Logout dari sistem', 'App\\Models\\User', 1, NULL, '2026-01-14 22:10:13', '2026-01-14 22:10:13'),
(304, 3, 'Login ke sistem', 'App\\Models\\User', 3, NULL, '2026-01-14 22:10:24', '2026-01-14 22:10:24'),
(305, 3, 'Logout dari sistem', 'App\\Models\\User', 3, NULL, '2026-01-14 22:10:45', '2026-01-14 22:10:45'),
(306, 2, 'Login ke sistem', 'App\\Models\\User', 2, NULL, '2026-01-14 22:10:57', '2026-01-14 22:10:57'),
(307, 2, 'Logout dari sistem', 'App\\Models\\User', 2, NULL, '2026-01-14 22:14:40', '2026-01-14 22:14:40'),
(308, 6, 'Login ke sistem', 'App\\Models\\User', 6, NULL, '2026-01-14 22:14:49', '2026-01-14 22:14:49'),
(309, 6, 'Logout dari sistem', 'App\\Models\\User', 6, NULL, '2026-01-14 22:14:53', '2026-01-14 22:14:53'),
(310, 5, 'Login ke sistem', 'App\\Models\\User', 5, NULL, '2026-01-14 22:14:59', '2026-01-14 22:14:59'),
(311, 5, 'Logout dari sistem', 'App\\Models\\User', 5, NULL, '2026-01-14 22:36:06', '2026-01-14 22:36:06'),
(312, 5, 'Login ke sistem', 'App\\Models\\User', 5, NULL, '2026-01-14 22:37:16', '2026-01-14 22:37:16'),
(313, 5, 'Logout dari sistem', 'App\\Models\\User', 5, NULL, '2026-01-14 22:37:21', '2026-01-14 22:37:21'),
(314, 1, 'Login ke sistem', 'App\\Models\\User', 1, NULL, '2026-01-14 22:37:26', '2026-01-14 22:37:26'),
(315, 1, 'Logout dari sistem', 'App\\Models\\User', 1, NULL, '2026-01-14 22:37:30', '2026-01-14 22:37:30'),
(316, 6, 'Login ke sistem', 'App\\Models\\User', 6, NULL, '2026-01-14 22:37:55', '2026-01-14 22:37:55'),
(317, 6, 'Logout dari sistem', 'App\\Models\\User', 6, NULL, '2026-01-14 22:38:00', '2026-01-14 22:38:00'),
(318, 1, 'Login ke sistem', 'App\\Models\\User', 1, NULL, '2026-01-14 22:38:09', '2026-01-14 22:38:09'),
(319, 1, 'Logout dari sistem', 'App\\Models\\User', 1, NULL, '2026-01-14 22:38:58', '2026-01-14 22:38:58'),
(320, 1, 'Login ke sistem', 'App\\Models\\User', 1, NULL, '2026-01-14 22:39:09', '2026-01-14 22:39:09'),
(321, 1, 'Logout dari sistem', 'App\\Models\\User', 1, NULL, '2026-01-14 22:42:33', '2026-01-14 22:42:33'),
(322, 3, 'Login ke sistem', 'App\\Models\\User', 3, NULL, '2026-01-14 22:42:43', '2026-01-14 22:42:43'),
(323, 3, 'Logout dari sistem', 'App\\Models\\User', 3, NULL, '2026-01-14 22:42:48', '2026-01-14 22:42:48'),
(324, 2, 'Login ke sistem', 'App\\Models\\User', 2, NULL, '2026-01-14 22:42:55', '2026-01-14 22:42:55'),
(325, 2, 'Logout dari sistem', 'App\\Models\\User', 2, NULL, '2026-01-14 22:44:38', '2026-01-14 22:44:38'),
(326, 1, 'Login ke sistem', 'App\\Models\\User', 1, NULL, '2026-01-14 22:44:46', '2026-01-14 22:44:46'),
(327, 1, 'Logout dari sistem', 'App\\Models\\User', 1, NULL, '2026-01-14 22:49:14', '2026-01-14 22:49:14'),
(328, 3, 'Login ke sistem', 'App\\Models\\User', 3, NULL, '2026-01-14 22:49:23', '2026-01-14 22:49:23'),
(329, 3, 'Logout dari sistem', 'App\\Models\\User', 3, NULL, '2026-01-14 22:49:33', '2026-01-14 22:49:33'),
(330, 2, 'Login ke sistem', 'App\\Models\\User', 2, NULL, '2026-01-14 22:49:42', '2026-01-14 22:49:42'),
(331, 2, 'Logout dari sistem', 'App\\Models\\User', 2, NULL, '2026-01-14 22:50:08', '2026-01-14 22:50:08'),
(332, 1, 'Login ke sistem', 'App\\Models\\User', 1, NULL, '2026-01-14 22:50:16', '2026-01-14 22:50:16'),
(333, 1, 'Logout dari sistem', 'App\\Models\\User', 1, NULL, '2026-01-14 22:50:30', '2026-01-14 22:50:30'),
(334, 3, 'Login ke sistem', 'App\\Models\\User', 3, NULL, '2026-01-14 22:50:37', '2026-01-14 22:50:37'),
(335, 3, 'Logout dari sistem', 'App\\Models\\User', 3, NULL, '2026-01-14 22:54:49', '2026-01-14 22:54:49'),
(336, 3, 'Login ke sistem', 'App\\Models\\User', 3, NULL, '2026-01-14 22:54:56', '2026-01-14 22:54:56'),
(337, 3, 'Logout dari sistem', 'App\\Models\\User', 3, NULL, '2026-01-14 22:55:08', '2026-01-14 22:55:08'),
(338, 1, 'Login ke sistem', 'App\\Models\\User', 1, NULL, '2026-01-14 22:55:15', '2026-01-14 22:55:15'),
(339, 1, 'Logout dari sistem', 'App\\Models\\User', 1, NULL, '2026-01-14 22:55:40', '2026-01-14 22:55:40'),
(340, 2, 'Login ke sistem', 'App\\Models\\User', 2, NULL, '2026-01-14 22:55:49', '2026-01-14 22:55:49'),
(341, 2, 'Logout dari sistem', 'App\\Models\\User', 2, NULL, '2026-01-15 00:46:43', '2026-01-15 00:46:43'),
(342, 3, 'Login ke sistem', 'App\\Models\\User', 3, NULL, '2026-01-15 00:46:52', '2026-01-15 00:46:52'),
(343, 3, 'Status peminjaman #8 diubah menjadi dikembalikan', 'App\\Models\\Borrowing', 8, NULL, '2026-01-15 07:47:27', '2026-01-15 07:47:27'),
(344, 3, 'Mengembalikan peminjaman ID: 8', 'App\\Models\\ReturnModel', 5, NULL, '2026-01-15 00:47:27', '2026-01-15 00:47:27'),
(345, 3, 'Logout dari sistem', 'App\\Models\\User', 3, NULL, '2026-01-15 00:47:34', '2026-01-15 00:47:34'),
(346, 2, 'Login ke sistem', 'App\\Models\\User', 2, NULL, '2026-01-15 00:47:40', '2026-01-15 00:47:40'),
(347, 2, 'Logout dari sistem', 'App\\Models\\User', 2, NULL, '2026-01-15 00:49:08', '2026-01-15 00:49:08'),
(348, 6, 'Login ke sistem', 'App\\Models\\User', 6, NULL, '2026-01-15 00:50:48', '2026-01-15 00:50:48'),
(349, 6, 'Logout dari sistem', 'App\\Models\\User', 6, NULL, '2026-01-15 01:14:30', '2026-01-15 01:14:30'),
(350, 3, 'Login ke sistem', 'App\\Models\\User', 3, NULL, '2026-01-15 01:14:35', '2026-01-15 01:14:35'),
(351, 3, 'Status peminjaman #11 diubah menjadi dikembalikan', 'App\\Models\\Borrowing', 11, NULL, '2026-01-15 08:14:46', '2026-01-15 08:14:46'),
(352, 3, 'Mengembalikan peminjaman ID: 11', 'App\\Models\\ReturnModel', 6, NULL, '2026-01-15 01:14:46', '2026-01-15 01:14:46'),
(353, 3, 'Logout dari sistem', 'App\\Models\\User', 3, NULL, '2026-01-15 01:14:51', '2026-01-15 01:14:51'),
(354, 2, 'Login ke sistem', 'App\\Models\\User', 2, NULL, '2026-01-15 01:15:00', '2026-01-15 01:15:00'),
(355, 2, 'Logout dari sistem', 'App\\Models\\User', 2, NULL, '2026-01-15 01:20:17', '2026-01-15 01:20:17'),
(356, 3, 'Login ke sistem', 'App\\Models\\User', 3, NULL, '2026-01-15 01:32:51', '2026-01-15 01:32:51'),
(357, 3, 'Status peminjaman #10 diubah menjadi menunggu_pengembalian', 'App\\Models\\Borrowing', 10, NULL, '2026-01-15 08:39:27', '2026-01-15 08:39:27'),
(358, 3, 'Mengajukan pengembalian peminjaman ID: 10', 'App\\Models\\Borrowing', 10, NULL, '2026-01-15 01:39:27', '2026-01-15 01:39:27'),
(359, 3, 'Logout dari sistem', 'App\\Models\\User', 3, NULL, '2026-01-15 01:39:33', '2026-01-15 01:39:33'),
(360, 2, 'Login ke sistem', 'App\\Models\\User', 2, NULL, '2026-01-15 01:39:39', '2026-01-15 01:39:39'),
(361, 3, 'Status peminjaman #10 diubah menjadi dikembalikan', 'App\\Models\\Borrowing', 10, NULL, '2026-01-15 08:40:14', '2026-01-15 08:40:14'),
(362, 2, 'Memproses pengembalian peminjaman ID: 10', 'App\\Models\\ReturnModel', 7, NULL, '2026-01-15 01:40:14', '2026-01-15 01:40:14'),
(363, 2, 'Logout dari sistem', 'App\\Models\\User', 2, NULL, '2026-01-15 01:40:32', '2026-01-15 01:40:32'),
(364, 1, 'Login ke sistem', 'App\\Models\\User', 1, NULL, '2026-01-15 01:47:24', '2026-01-15 01:47:24'),
(365, 1, 'Mengupdate pengembalian ID: 6', 'App\\Models\\ReturnModel', 6, NULL, '2026-01-15 01:58:37', '2026-01-15 01:58:37'),
(366, 1, 'Logout dari sistem', 'App\\Models\\User', 1, NULL, '2026-01-15 02:01:44', '2026-01-15 02:01:44'),
(367, 3, 'Login ke sistem', 'App\\Models\\User', 3, NULL, '2026-01-15 02:01:49', '2026-01-15 02:01:49'),
(368, 3, 'Logout dari sistem', 'App\\Models\\User', 3, NULL, '2026-01-15 02:17:12', '2026-01-15 02:17:12'),
(369, 1, 'Login ke sistem', 'App\\Models\\User', 1, NULL, '2026-01-15 02:17:17', '2026-01-15 02:17:17'),
(370, 1, 'Menambah alat: Keyboard', 'App\\Models\\Tool', 4, NULL, '2026-01-15 02:17:51', '2026-01-15 02:17:51'),
(371, 1, 'Menambah kategori: Elektronik', 'App\\Models\\Category', 5, NULL, '2026-01-15 02:18:43', '2026-01-15 02:18:43'),
(372, 1, 'Menambah alat: Earphone', 'App\\Models\\Tool', 5, NULL, '2026-01-15 02:19:14', '2026-01-15 02:19:14'),
(373, 1, 'Logout dari sistem', 'App\\Models\\User', 1, NULL, '2026-01-15 02:19:19', '2026-01-15 02:19:19'),
(374, 3, 'Login ke sistem', 'App\\Models\\User', 3, NULL, '2026-01-15 02:19:24', '2026-01-15 02:19:24'),
(375, 3, 'Logout dari sistem', 'App\\Models\\User', 3, NULL, '2026-01-15 02:23:17', '2026-01-15 02:23:17'),
(376, 3, 'Login ke sistem', 'App\\Models\\User', 3, NULL, '2026-01-15 04:29:44', '2026-01-15 04:29:44'),
(377, 3, 'Logout dari sistem', 'App\\Models\\User', 3, NULL, '2026-01-15 04:37:49', '2026-01-15 04:37:49'),
(378, 1, 'Login ke sistem', 'App\\Models\\User', 1, NULL, '2026-01-15 04:38:07', '2026-01-15 04:38:07'),
(379, 3, 'Status peminjaman #5 diubah menjadi disetujui', 'App\\Models\\Borrowing', 5, NULL, '2026-01-15 11:38:20', '2026-01-15 11:38:20'),
(380, 1, 'Menghapus pengembalian ID: 3', NULL, NULL, NULL, '2026-01-15 04:38:21', '2026-01-15 04:38:21'),
(381, 1, 'Logout dari sistem', 'App\\Models\\User', 1, NULL, '2026-01-15 04:38:29', '2026-01-15 04:38:29'),
(382, 2, 'Login ke sistem', 'App\\Models\\User', 2, NULL, '2026-01-15 04:38:44', '2026-01-15 04:38:44'),
(383, 1, 'Login ke sistem', 'App\\Models\\User', 1, NULL, '2026-01-15 04:54:14', '2026-01-15 04:54:14'),
(384, 1, 'Logout dari sistem', 'App\\Models\\User', 1, NULL, '2026-01-15 04:54:23', '2026-01-15 04:54:23'),
(385, 2, 'Login ke sistem', 'App\\Models\\User', 2, NULL, '2026-01-15 04:54:30', '2026-01-15 04:54:30'),
(386, 2, 'Logout dari sistem', 'App\\Models\\User', 2, NULL, '2026-01-15 05:17:19', '2026-01-15 05:17:19'),
(387, 3, 'Login ke sistem', 'App\\Models\\User', 3, NULL, '2026-01-15 05:17:47', '2026-01-15 05:17:47'),
(388, 3, 'Logout dari sistem', 'App\\Models\\User', 3, NULL, '2026-01-15 05:43:55', '2026-01-15 05:43:55'),
(389, 6, 'Login ke sistem', 'App\\Models\\User', 6, NULL, '2026-01-15 05:44:01', '2026-01-15 05:44:01'),
(390, 6, 'Logout dari sistem', 'App\\Models\\User', 6, NULL, '2026-01-15 05:45:39', '2026-01-15 05:45:39'),
(391, 3, 'Login ke sistem', 'App\\Models\\User', 3, NULL, '2026-01-15 05:45:44', '2026-01-15 05:45:44'),
(392, 3, 'Logout dari sistem', 'App\\Models\\User', 3, NULL, '2026-01-15 05:47:32', '2026-01-15 05:47:32'),
(393, 3, 'Login ke sistem', 'App\\Models\\User', 3, NULL, '2026-01-15 05:48:04', '2026-01-15 05:48:04'),
(394, 3, 'Logout dari sistem', 'App\\Models\\User', 3, NULL, '2026-01-15 05:52:42', '2026-01-15 05:52:42'),
(395, 2, 'Login ke sistem', 'App\\Models\\User', 2, NULL, '2026-01-15 05:52:51', '2026-01-15 05:52:51'),
(396, 2, 'Logout dari sistem', 'App\\Models\\User', 2, NULL, '2026-01-15 06:25:22', '2026-01-15 06:25:22'),
(397, 1, 'Login ke sistem', 'App\\Models\\User', 1, NULL, '2026-01-15 06:25:33', '2026-01-15 06:25:33'),
(398, 1, 'Logout dari sistem', 'App\\Models\\User', 1, NULL, '2026-01-15 07:18:03', '2026-01-15 07:18:03'),
(399, 2, 'Login ke sistem', 'App\\Models\\User', 2, NULL, '2026-01-15 07:18:09', '2026-01-15 07:18:09'),
(400, 3, 'Login ke sistem', 'App\\Models\\User', 3, NULL, '2026-01-18 12:35:47', '2026-01-18 12:35:47'),
(401, 3, 'Logout dari sistem', 'App\\Models\\User', 3, NULL, '2026-01-18 12:51:20', '2026-01-18 12:51:20'),
(402, 6, 'Login ke sistem', 'App\\Models\\User', 6, NULL, '2026-01-18 12:51:27', '2026-01-18 12:51:27');
INSERT INTO `activity_logs` (`id`, `user_id`, `aktivitas`, `model_type`, `model_id`, `detail`, `created_at`, `updated_at`) VALUES
(403, 6, 'Logout dari sistem', 'App\\Models\\User', 6, NULL, '2026-01-18 13:30:48', '2026-01-18 13:30:48'),
(404, 1, 'Login ke sistem', 'App\\Models\\User', 1, NULL, '2026-01-19 01:43:03', '2026-01-19 01:43:03'),
(405, 1, 'Logout dari sistem', 'App\\Models\\User', 1, NULL, '2026-01-19 01:46:10', '2026-01-19 01:46:10'),
(406, 3, 'Login ke sistem', 'App\\Models\\User', 3, NULL, '2026-01-19 01:46:17', '2026-01-19 01:46:17'),
(407, 3, 'Logout dari sistem', 'App\\Models\\User', 3, NULL, '2026-01-19 01:46:38', '2026-01-19 01:46:38'),
(408, 1, 'Login ke sistem', 'App\\Models\\User', 1, NULL, '2026-01-19 01:48:40', '2026-01-19 01:48:40'),
(409, 1, 'Logout dari sistem', 'App\\Models\\User', 1, NULL, '2026-01-19 01:50:36', '2026-01-19 01:50:36'),
(410, 6, 'Login ke sistem', 'App\\Models\\User', 6, NULL, '2026-01-19 02:05:52', '2026-01-19 02:05:52'),
(411, 6, 'Logout dari sistem', 'App\\Models\\User', 6, NULL, '2026-01-19 03:53:15', '2026-01-19 03:53:15'),
(412, 2, 'Login ke sistem', 'App\\Models\\User', 2, NULL, '2026-01-19 03:53:22', '2026-01-19 03:53:22'),
(413, 2, 'Logout dari sistem', 'App\\Models\\User', 2, NULL, '2026-01-19 04:09:37', '2026-01-19 04:09:37'),
(414, 1, 'Login ke sistem', 'App\\Models\\User', 1, NULL, '2026-01-19 04:09:43', '2026-01-19 04:09:43'),
(415, 1, 'Menambah user baru: Riko', 'App\\Models\\User', 8, NULL, '2026-01-19 04:10:31', '2026-01-19 04:10:31'),
(416, 1, 'Menambah user baru: Rio', 'App\\Models\\User', 9, NULL, '2026-01-19 04:10:59', '2026-01-19 04:10:59'),
(417, 1, 'Mengupdate user: Riko Setiawan', 'App\\Models\\User', 8, NULL, '2026-01-19 04:11:29', '2026-01-19 04:11:29'),
(418, 1, 'Mengupdate alat: Earphone', 'App\\Models\\Tool', 5, NULL, '2026-01-19 04:12:23', '2026-01-19 04:12:23'),
(419, 1, 'Mengupdate pengembalian ID: 7', 'App\\Models\\ReturnModel', 7, NULL, '2026-01-19 04:13:03', '2026-01-19 04:13:03'),
(420, 1, 'Menambah kategori: Aksesoris', 'App\\Models\\Category', 6, NULL, '2026-01-19 04:13:25', '2026-01-19 04:13:25'),
(421, 1, 'Menghapus kategori: Aksesoris', NULL, NULL, NULL, '2026-01-19 04:13:32', '2026-01-19 04:13:32'),
(422, 1, 'Menghapus user: Rio', NULL, NULL, NULL, '2026-01-19 04:13:43', '2026-01-19 04:13:43'),
(423, 1, 'Menghapus user: Riko Setiawan', NULL, NULL, NULL, '2026-01-19 04:13:48', '2026-01-19 04:13:48'),
(424, 1, 'Logout dari sistem', 'App\\Models\\User', 1, NULL, '2026-01-19 04:13:51', '2026-01-19 04:13:51'),
(425, 3, 'Login ke sistem', 'App\\Models\\User', 3, NULL, '2026-01-19 04:13:57', '2026-01-19 04:13:57'),
(426, 3, 'Mengajukan peminjaman #12', 'App\\Models\\Borrowing', 12, NULL, '2026-01-19 11:17:49', '2026-01-19 11:17:49'),
(427, 3, 'Mengajukan peminjaman baru', 'App\\Models\\Borrowing', 12, NULL, '2026-01-19 04:17:49', '2026-01-19 04:17:49'),
(428, 3, 'Logout dari sistem', 'App\\Models\\User', 3, NULL, '2026-01-19 04:17:56', '2026-01-19 04:17:56'),
(429, 2, 'Login ke sistem', 'App\\Models\\User', 2, NULL, '2026-01-19 04:18:05', '2026-01-19 04:18:05'),
(430, 3, 'Status peminjaman #12 diubah menjadi disetujui', 'App\\Models\\Borrowing', 12, NULL, '2026-01-19 11:18:08', '2026-01-19 11:18:08'),
(431, 2, 'Menyetujui peminjaman ID: 12', 'App\\Models\\Borrowing', 12, NULL, '2026-01-19 04:18:08', '2026-01-19 04:18:08'),
(432, 2, 'Logout dari sistem', 'App\\Models\\User', 2, NULL, '2026-01-19 04:18:15', '2026-01-19 04:18:15'),
(433, 3, 'Login ke sistem', 'App\\Models\\User', 3, NULL, '2026-01-19 04:18:22', '2026-01-19 04:18:22'),
(434, 3, 'Logout dari sistem', 'App\\Models\\User', 3, NULL, '2026-01-19 04:18:52', '2026-01-19 04:18:52'),
(435, 6, 'Login ke sistem', 'App\\Models\\User', 6, NULL, '2026-01-19 04:18:59', '2026-01-19 04:18:59'),
(436, 6, 'Logout dari sistem', 'App\\Models\\User', 6, NULL, '2026-01-19 04:19:18', '2026-01-19 04:19:18'),
(437, 7, 'Login ke sistem', 'App\\Models\\User', 7, NULL, '2026-01-19 04:19:25', '2026-01-19 04:19:25'),
(438, 7, 'Logout dari sistem', 'App\\Models\\User', 7, NULL, '2026-01-19 04:20:10', '2026-01-19 04:20:10'),
(439, 1, 'Login ke sistem', 'App\\Models\\User', 1, NULL, '2026-01-19 04:20:15', '2026-01-19 04:20:15'),
(440, 1, 'Logout dari sistem', 'App\\Models\\User', 1, NULL, '2026-01-19 04:20:21', '2026-01-19 04:20:21'),
(441, 6, 'Login ke sistem', 'App\\Models\\User', 6, NULL, '2026-01-19 04:20:29', '2026-01-19 04:20:29'),
(442, 6, 'Logout dari sistem', 'App\\Models\\User', 6, NULL, '2026-01-19 04:20:37', '2026-01-19 04:20:37'),
(443, 3, 'Login ke sistem', 'App\\Models\\User', 3, NULL, '2026-01-19 04:20:43', '2026-01-19 04:20:43'),
(444, 3, 'Logout dari sistem', 'App\\Models\\User', 3, NULL, '2026-01-19 04:37:49', '2026-01-19 04:37:49'),
(445, 1, 'Login ke sistem', 'App\\Models\\User', 1, NULL, '2026-01-19 04:37:54', '2026-01-19 04:37:54'),
(446, 1, 'Logout dari sistem', 'App\\Models\\User', 1, NULL, '2026-01-19 04:42:43', '2026-01-19 04:42:43'),
(447, 3, 'Login ke sistem', 'App\\Models\\User', 3, NULL, '2026-01-19 04:42:48', '2026-01-19 04:42:48'),
(448, 3, 'Logout dari sistem', 'App\\Models\\User', 3, NULL, '2026-01-19 06:14:42', '2026-01-19 06:14:42'),
(449, 1, 'Login ke sistem', 'App\\Models\\User', 1, NULL, '2026-01-19 06:14:46', '2026-01-19 06:14:46'),
(450, 1, 'Logout dari sistem', 'App\\Models\\User', 1, NULL, '2026-01-19 06:32:45', '2026-01-19 06:32:45'),
(451, 1, 'Login ke sistem', 'App\\Models\\User', 1, NULL, '2026-01-19 06:36:05', '2026-01-19 06:36:05'),
(452, 1, 'Logout dari sistem', 'App\\Models\\User', 1, NULL, '2026-01-19 07:51:57', '2026-01-19 07:51:57'),
(453, 1, 'Login ke sistem', 'App\\Models\\User', 1, NULL, '2026-01-19 07:52:26', '2026-01-19 07:52:26'),
(454, 1, 'Logout dari sistem', 'App\\Models\\User', 1, NULL, '2026-01-19 07:52:50', '2026-01-19 07:52:50'),
(455, 1, 'Login ke sistem', 'App\\Models\\User', 1, NULL, '2026-01-19 07:53:47', '2026-01-19 07:53:47'),
(456, 1, 'Logout dari sistem', 'App\\Models\\User', 1, NULL, '2026-01-19 07:54:11', '2026-01-19 07:54:11'),
(457, 6, 'Login ke sistem', 'App\\Models\\User', 6, NULL, '2026-01-19 07:54:16', '2026-01-19 07:54:16'),
(458, 3, 'Login ke sistem', 'App\\Models\\User', 3, NULL, '2026-01-19 16:28:53', '2026-01-19 16:28:53'),
(459, 3, 'Mengajukan peminjaman #13', 'App\\Models\\Borrowing', 13, NULL, '2026-01-19 23:29:19', '2026-01-19 23:29:19'),
(460, 3, 'Mengajukan peminjaman baru', 'App\\Models\\Borrowing', 13, NULL, '2026-01-19 16:29:19', '2026-01-19 16:29:19'),
(461, 3, 'Logout dari sistem', 'App\\Models\\User', 3, NULL, '2026-01-19 16:29:42', '2026-01-19 16:29:42'),
(462, 2, 'Login ke sistem', 'App\\Models\\User', 2, NULL, '2026-01-19 16:29:50', '2026-01-19 16:29:50'),
(463, 3, 'Status peminjaman #13 diubah menjadi disetujui', 'App\\Models\\Borrowing', 13, NULL, '2026-01-19 23:29:54', '2026-01-19 23:29:54'),
(464, 2, 'Menyetujui peminjaman ID: 13', 'App\\Models\\Borrowing', 13, NULL, '2026-01-19 16:29:54', '2026-01-19 16:29:54'),
(465, 2, 'Logout dari sistem', 'App\\Models\\User', 2, NULL, '2026-01-19 16:31:20', '2026-01-19 16:31:20'),
(466, 3, 'Login ke sistem', 'App\\Models\\User', 3, NULL, '2026-01-19 16:31:27', '2026-01-19 16:31:27'),
(467, 3, 'Logout dari sistem', 'App\\Models\\User', 3, NULL, '2026-01-19 16:36:20', '2026-01-19 16:36:20'),
(468, 3, 'Login ke sistem', 'App\\Models\\User', 3, NULL, '2026-01-19 16:36:27', '2026-01-19 16:36:27'),
(469, 3, 'Status peminjaman #9 diubah menjadi menunggu_pengembalian', 'App\\Models\\Borrowing', 9, NULL, '2026-01-19 23:36:36', '2026-01-19 23:36:36'),
(470, 3, 'Mengajukan pengembalian peminjaman ID: 9', 'App\\Models\\Borrowing', 9, NULL, '2026-01-19 16:36:36', '2026-01-19 16:36:36'),
(471, 3, 'Logout dari sistem', 'App\\Models\\User', 3, NULL, '2026-01-19 16:36:43', '2026-01-19 16:36:43'),
(472, 2, 'Login ke sistem', 'App\\Models\\User', 2, NULL, '2026-01-19 16:36:49', '2026-01-19 16:36:49'),
(473, 3, 'Status peminjaman #9 diubah menjadi dikembalikan', 'App\\Models\\Borrowing', 9, NULL, '2026-01-19 23:37:07', '2026-01-19 23:37:07'),
(474, 2, 'Memproses pengembalian peminjaman ID: 9', 'App\\Models\\ReturnModel', 8, NULL, '2026-01-19 16:37:07', '2026-01-19 16:37:07'),
(475, 2, 'Logout dari sistem', 'App\\Models\\User', 2, NULL, '2026-01-19 16:41:38', '2026-01-19 16:41:38'),
(476, 3, 'Login ke sistem', 'App\\Models\\User', 3, NULL, '2026-01-19 16:41:43', '2026-01-19 16:41:43'),
(477, 3, 'Logout dari sistem', 'App\\Models\\User', 3, NULL, '2026-01-19 16:41:50', '2026-01-19 16:41:50'),
(478, 6, 'Login ke sistem', 'App\\Models\\User', 6, NULL, '2026-01-19 16:41:56', '2026-01-19 16:41:56'),
(479, 3, 'Login ke sistem', 'App\\Models\\User', 3, NULL, '2026-01-20 00:48:08', '2026-01-20 00:48:08'),
(480, 3, 'Logout dari sistem', 'App\\Models\\User', 3, NULL, '2026-01-20 01:00:32', '2026-01-20 01:00:32'),
(481, 2, 'Login ke sistem', 'App\\Models\\User', 2, NULL, '2026-01-20 01:00:40', '2026-01-20 01:00:40'),
(482, 2, 'Logout dari sistem', 'App\\Models\\User', 2, NULL, '2026-01-20 01:05:22', '2026-01-20 01:05:22'),
(483, 3, 'Login ke sistem', 'App\\Models\\User', 3, NULL, '2026-01-20 01:05:29', '2026-01-20 01:05:29'),
(484, 3, 'Logout dari sistem', 'App\\Models\\User', 3, NULL, '2026-01-20 01:33:09', '2026-01-20 01:33:09'),
(485, 2, 'Login ke sistem', 'App\\Models\\User', 2, NULL, '2026-01-20 01:33:16', '2026-01-20 01:33:16'),
(486, 2, 'Logout dari sistem', 'App\\Models\\User', 2, NULL, '2026-01-20 01:50:39', '2026-01-20 01:50:39'),
(487, 3, 'Login ke sistem', 'App\\Models\\User', 3, NULL, '2026-01-20 01:50:45', '2026-01-20 01:50:45'),
(488, 3, 'Status peminjaman #12 diubah menjadi menunggu_pengembalian', 'App\\Models\\Borrowing', 12, NULL, '2026-01-20 08:51:00', '2026-01-20 08:51:00'),
(489, 3, 'Mengajukan pengembalian peminjaman ID: 12', 'App\\Models\\Borrowing', 12, NULL, '2026-01-20 01:51:00', '2026-01-20 01:51:00'),
(490, 3, 'Logout dari sistem', 'App\\Models\\User', 3, NULL, '2026-01-20 01:51:04', '2026-01-20 01:51:04'),
(491, 2, 'Login ke sistem', 'App\\Models\\User', 2, NULL, '2026-01-20 01:51:13', '2026-01-20 01:51:13'),
(492, 3, 'Status peminjaman #12 diubah menjadi dikembalikan', 'App\\Models\\Borrowing', 12, NULL, '2026-01-20 08:51:23', '2026-01-20 08:51:23'),
(493, 2, 'Memproses pengembalian peminjaman ID: 12', 'App\\Models\\ReturnModel', 9, NULL, '2026-01-20 01:51:23', '2026-01-20 01:51:23'),
(494, 2, 'Logout dari sistem', 'App\\Models\\User', 2, NULL, '2026-01-20 02:12:09', '2026-01-20 02:12:09'),
(495, 3, 'Login ke sistem', 'App\\Models\\User', 3, NULL, '2026-01-20 02:14:19', '2026-01-20 02:14:19'),
(496, 3, 'Logout dari sistem', 'App\\Models\\User', 3, NULL, '2026-01-20 02:14:53', '2026-01-20 02:14:53'),
(497, 2, 'Login ke sistem', 'App\\Models\\User', 2, NULL, '2026-01-20 02:15:14', '2026-01-20 02:15:14'),
(498, 2, 'Logout dari sistem', 'App\\Models\\User', 2, NULL, '2026-01-20 03:17:55', '2026-01-20 03:17:55'),
(499, 3, 'Login ke sistem', 'App\\Models\\User', 3, NULL, '2026-01-20 03:18:04', '2026-01-20 03:18:04'),
(500, 3, 'Logout dari sistem', 'App\\Models\\User', 3, NULL, '2026-01-20 04:09:00', '2026-01-20 04:09:00'),
(501, 2, 'Login ke sistem', 'App\\Models\\User', 2, NULL, '2026-01-20 04:09:12', '2026-01-20 04:09:12'),
(502, 2, 'Logout dari sistem', 'App\\Models\\User', 2, NULL, '2026-01-20 04:11:43', '2026-01-20 04:11:43'),
(503, 1, 'Login ke sistem', 'App\\Models\\User', 1, NULL, '2026-01-20 04:11:50', '2026-01-20 04:11:50'),
(504, 1, 'Menghapus alat: Kipas', NULL, NULL, NULL, '2026-01-20 07:10:57', '2026-01-20 07:10:57'),
(505, 1, 'Login ke sistem', 'App\\Models\\User', 1, NULL, '2026-01-21 02:28:01', '2026-01-21 02:28:01'),
(506, 1, 'Login ke sistem', 'App\\Models\\User', 1, NULL, '2026-01-21 02:28:23', '2026-01-21 02:28:23'),
(507, 1, 'Logout dari sistem', 'App\\Models\\User', 1, NULL, '2026-01-21 03:10:09', '2026-01-21 03:10:09'),
(508, 1, 'Login ke sistem', 'App\\Models\\User', 1, NULL, '2026-01-21 03:21:20', '2026-01-21 03:21:20'),
(509, 1, 'Logout dari sistem', 'App\\Models\\User', 1, NULL, '2026-01-21 03:22:34', '2026-01-21 03:22:34'),
(510, 2, 'Login ke sistem', 'App\\Models\\User', 2, NULL, '2026-01-21 03:22:41', '2026-01-21 03:22:41'),
(511, 2, 'Logout dari sistem', 'App\\Models\\User', 2, NULL, '2026-01-21 03:28:38', '2026-01-21 03:28:38'),
(512, 1, 'Login ke sistem', 'App\\Models\\User', 1, NULL, '2026-01-21 03:28:50', '2026-01-21 03:28:50'),
(513, 1, 'Logout dari sistem', 'App\\Models\\User', 1, NULL, '2026-01-21 03:35:35', '2026-01-21 03:35:35'),
(514, 3, 'Login ke sistem', 'App\\Models\\User', 3, NULL, '2026-01-21 03:35:45', '2026-01-21 03:35:45'),
(515, 3, 'Logout dari sistem', 'App\\Models\\User', 3, NULL, '2026-01-21 03:37:01', '2026-01-21 03:37:01'),
(516, 1, 'Login ke sistem', 'App\\Models\\User', 1, NULL, '2026-01-21 03:37:08', '2026-01-21 03:37:08'),
(517, 1, 'Logout dari sistem', 'App\\Models\\User', 1, NULL, '2026-01-21 03:37:26', '2026-01-21 03:37:26'),
(518, 1, 'Login ke sistem', 'App\\Models\\User', 1, NULL, '2026-01-21 03:39:58', '2026-01-21 03:39:58'),
(519, 1, 'Menambah alat: Remote', 'App\\Models\\Tool', 10, NULL, '2026-01-21 03:41:44', '2026-01-21 03:41:44'),
(520, 1, 'Mengupdate alat: Remote', 'App\\Models\\Tool', 10, NULL, '2026-01-21 03:41:57', '2026-01-21 03:41:57'),
(521, 1, 'Mengupdate alat: Remote', 'App\\Models\\Tool', 10, NULL, '2026-01-21 03:42:44', '2026-01-21 03:42:44'),
(522, 1, 'Mengupdate alat: Remote', 'App\\Models\\Tool', 10, NULL, '2026-01-21 03:55:16', '2026-01-21 03:55:16'),
(523, 1, 'Logout dari sistem', 'App\\Models\\User', 1, NULL, '2026-01-21 04:31:36', '2026-01-21 04:31:36'),
(524, 1, 'Login ke sistem', 'App\\Models\\User', 1, NULL, '2026-01-21 04:31:48', '2026-01-21 04:31:48'),
(525, 1, 'Logout dari sistem', 'App\\Models\\User', 1, NULL, '2026-01-21 04:32:34', '2026-01-21 04:32:34'),
(526, 2, 'Login ke sistem', 'App\\Models\\User', 2, NULL, '2026-01-21 04:32:55', '2026-01-21 04:32:55'),
(527, 2, 'Logout dari sistem', 'App\\Models\\User', 2, NULL, '2026-01-21 04:33:51', '2026-01-21 04:33:51'),
(528, 3, 'Login ke sistem', 'App\\Models\\User', 3, NULL, '2026-01-21 04:33:57', '2026-01-21 04:33:57'),
(529, 3, 'Status peminjaman #13 diubah menjadi menunggu_pengembalian', 'App\\Models\\Borrowing', 13, NULL, '2026-01-21 11:34:12', '2026-01-21 11:34:12'),
(530, 3, 'Mengajukan pengembalian peminjaman ID: 13', 'App\\Models\\Borrowing', 13, NULL, '2026-01-21 04:34:12', '2026-01-21 04:34:12'),
(531, 3, 'Logout dari sistem', 'App\\Models\\User', 3, NULL, '2026-01-21 04:34:17', '2026-01-21 04:34:17'),
(532, 2, 'Login ke sistem', 'App\\Models\\User', 2, NULL, '2026-01-21 04:34:25', '2026-01-21 04:34:25'),
(533, 2, 'Logout dari sistem', 'App\\Models\\User', 2, NULL, '2026-01-21 04:34:37', '2026-01-21 04:34:37'),
(534, 3, 'Login ke sistem', 'App\\Models\\User', 3, NULL, '2026-01-21 04:34:43', '2026-01-21 04:34:43'),
(535, 3, 'Logout dari sistem', 'App\\Models\\User', 3, NULL, '2026-01-21 04:36:15', '2026-01-21 04:36:15'),
(536, 2, 'Login ke sistem', 'App\\Models\\User', 2, NULL, '2026-01-21 04:36:27', '2026-01-21 04:36:27'),
(537, 2, 'Logout dari sistem', 'App\\Models\\User', 2, NULL, '2026-01-21 04:36:33', '2026-01-21 04:36:33'),
(538, 3, 'Login ke sistem', 'App\\Models\\User', 3, NULL, '2026-01-21 04:36:41', '2026-01-21 04:36:41'),
(539, 3, 'Logout dari sistem', 'App\\Models\\User', 3, NULL, '2026-01-21 04:37:10', '2026-01-21 04:37:10'),
(540, 2, 'Login ke sistem', 'App\\Models\\User', 2, NULL, '2026-01-21 04:37:16', '2026-01-21 04:37:16'),
(541, 2, 'Logout dari sistem', 'App\\Models\\User', 2, NULL, '2026-01-21 04:46:54', '2026-01-21 04:46:54'),
(542, 1, 'Login ke sistem', 'App\\Models\\User', 1, NULL, '2026-01-21 04:47:00', '2026-01-21 04:47:00'),
(543, 1, 'Mengupdate alat: Remote', 'App\\Models\\Tool', 10, NULL, '2026-01-21 04:48:22', '2026-01-21 04:48:22'),
(544, 1, 'Logout dari sistem', 'App\\Models\\User', 1, NULL, '2026-01-21 04:48:25', '2026-01-21 04:48:25'),
(545, 3, 'Login ke sistem', 'App\\Models\\User', 3, NULL, '2026-01-21 04:48:49', '2026-01-21 04:48:49'),
(546, 3, 'Mengajukan peminjaman #14', 'App\\Models\\Borrowing', 14, NULL, '2026-01-21 11:49:19', '2026-01-21 11:49:19'),
(547, 3, 'Mengajukan peminjaman baru', 'App\\Models\\Borrowing', 14, NULL, '2026-01-21 04:49:19', '2026-01-21 04:49:19'),
(548, 3, 'Mengajukan peminjaman #15', 'App\\Models\\Borrowing', 15, NULL, '2026-01-21 11:49:43', '2026-01-21 11:49:43'),
(549, 3, 'Mengajukan peminjaman baru', 'App\\Models\\Borrowing', 15, NULL, '2026-01-21 04:49:43', '2026-01-21 04:49:43'),
(550, 3, 'Logout dari sistem', 'App\\Models\\User', 3, NULL, '2026-01-21 04:49:52', '2026-01-21 04:49:52'),
(551, 3, 'Login ke sistem', 'App\\Models\\User', 3, NULL, '2026-01-21 04:50:07', '2026-01-21 04:50:07'),
(552, 3, 'Logout dari sistem', 'App\\Models\\User', 3, NULL, '2026-01-21 04:50:19', '2026-01-21 04:50:19'),
(553, 2, 'Login ke sistem', 'App\\Models\\User', 2, NULL, '2026-01-21 04:50:33', '2026-01-21 04:50:33'),
(554, 3, 'Status peminjaman #15 diubah menjadi disetujui', 'App\\Models\\Borrowing', 15, NULL, '2026-01-21 11:50:37', '2026-01-21 11:50:37'),
(555, 2, 'Menyetujui peminjaman ID: 15', 'App\\Models\\Borrowing', 15, NULL, '2026-01-21 04:50:37', '2026-01-21 04:50:37'),
(556, 3, 'Status peminjaman #14 diubah menjadi ditolak', 'App\\Models\\Borrowing', 14, NULL, '2026-01-21 11:50:53', '2026-01-21 11:50:53'),
(557, 2, 'Menolak peminjaman ID: 14', 'App\\Models\\Borrowing', 14, NULL, '2026-01-21 04:50:53', '2026-01-21 04:50:53'),
(558, 2, 'Logout dari sistem', 'App\\Models\\User', 2, NULL, '2026-01-21 04:51:43', '2026-01-21 04:51:43'),
(559, 1, 'Login ke sistem', 'App\\Models\\User', 1, NULL, '2026-01-21 04:51:48', '2026-01-21 04:51:48'),
(560, 1, 'Logout dari sistem', 'App\\Models\\User', 1, NULL, '2026-01-21 05:33:35', '2026-01-21 05:33:35'),
(561, 1, 'Login ke sistem', 'App\\Models\\User', 1, NULL, '2026-01-21 05:33:47', '2026-01-21 05:33:47'),
(562, 1, 'Mengupdate alat: Contoh Alat 1', 'App\\Models\\Tool', 8, NULL, '2026-01-21 05:34:08', '2026-01-21 05:34:08'),
(563, 1, 'Logout dari sistem', 'App\\Models\\User', 1, NULL, '2026-01-21 05:34:15', '2026-01-21 05:34:15'),
(564, 3, 'Login ke sistem', 'App\\Models\\User', 3, NULL, '2026-01-21 05:34:22', '2026-01-21 05:34:22'),
(565, 3, 'Logout dari sistem', 'App\\Models\\User', 3, NULL, '2026-01-21 05:34:39', '2026-01-21 05:34:39'),
(566, 1, 'Login ke sistem', 'App\\Models\\User', 1, NULL, '2026-01-21 05:34:45', '2026-01-21 05:34:45'),
(567, 1, 'Logout dari sistem', 'App\\Models\\User', 1, NULL, '2026-01-21 05:34:54', '2026-01-21 05:34:54'),
(568, 3, 'Login ke sistem', 'App\\Models\\User', 3, NULL, '2026-01-21 05:35:05', '2026-01-21 05:35:05'),
(569, 3, 'Logout dari sistem', 'App\\Models\\User', 3, NULL, '2026-01-21 05:35:36', '2026-01-21 05:35:36'),
(570, 1, 'Login ke sistem', 'App\\Models\\User', 1, NULL, '2026-01-21 05:35:41', '2026-01-21 05:35:41'),
(571, 1, 'Logout dari sistem', 'App\\Models\\User', 1, NULL, '2026-01-21 05:39:08', '2026-01-21 05:39:08'),
(572, 3, 'Login ke sistem', 'App\\Models\\User', 3, NULL, '2026-01-21 05:39:14', '2026-01-21 05:39:14'),
(573, 3, 'Logout dari sistem', 'App\\Models\\User', 3, NULL, '2026-01-21 06:58:40', '2026-01-21 06:58:40'),
(574, 1, 'Login ke sistem', 'App\\Models\\User', 1, NULL, '2026-01-21 07:09:06', '2026-01-21 07:09:06'),
(575, 1, 'Logout dari sistem', 'App\\Models\\User', 1, NULL, '2026-01-21 07:09:19', '2026-01-21 07:09:19'),
(576, 12, 'Login ke sistem', 'App\\Models\\User', 12, NULL, '2026-01-21 07:27:21', '2026-01-21 07:27:21'),
(577, 12, 'Logout dari sistem', 'App\\Models\\User', 12, NULL, '2026-01-21 07:29:22', '2026-01-21 07:29:22'),
(578, 1, 'Login ke sistem', 'App\\Models\\User', 1, NULL, '2026-01-21 07:44:02', '2026-01-21 07:44:02'),
(579, 1, 'Login ke sistem', 'App\\Models\\User', 1, NULL, '2026-01-21 15:09:03', '2026-01-21 15:09:03'),
(580, 1, 'Logout dari sistem', 'App\\Models\\User', 1, NULL, '2026-01-21 16:32:52', '2026-01-21 16:32:52'),
(581, 6, 'Login ke sistem', 'App\\Models\\User', 6, NULL, '2026-01-21 16:33:01', '2026-01-21 16:33:01'),
(582, 6, 'Logout dari sistem', 'App\\Models\\User', 6, NULL, '2026-01-21 16:34:25', '2026-01-21 16:34:25'),
(583, 1, 'Login ke sistem', 'App\\Models\\User', 1, NULL, '2026-01-21 16:34:30', '2026-01-21 16:34:30'),
(584, 1, 'Menambah user baru: Tes', 'App\\Models\\User', 13, NULL, '2026-01-21 16:34:57', '2026-01-21 16:34:57'),
(585, 1, 'Mengupdate alat: Contoh Alat 2', 'App\\Models\\Tool', 9, NULL, '2026-01-21 16:35:28', '2026-01-21 16:35:28'),
(586, 1, 'Logout dari sistem', 'App\\Models\\User', 1, NULL, '2026-01-21 16:51:33', '2026-01-21 16:51:33'),
(587, 3, 'Login ke sistem', 'App\\Models\\User', 3, NULL, '2026-01-21 16:51:45', '2026-01-21 16:51:45'),
(588, 3, 'Logout dari sistem', 'App\\Models\\User', 3, NULL, '2026-01-21 16:53:57', '2026-01-21 16:53:57'),
(589, 6, 'Login ke sistem', 'App\\Models\\User', 6, NULL, '2026-01-21 16:54:26', '2026-01-21 16:54:26'),
(590, 6, 'Logout dari sistem', 'App\\Models\\User', 6, NULL, '2026-01-21 17:29:08', '2026-01-21 17:29:08'),
(591, 3, 'Login ke sistem', 'App\\Models\\User', 3, NULL, '2026-01-21 17:33:49', '2026-01-21 17:33:49'),
(592, 3, 'Logout dari sistem', 'App\\Models\\User', 3, NULL, '2026-01-21 18:07:22', '2026-01-21 18:07:22'),
(593, 1, 'Login ke sistem', 'App\\Models\\User', 1, NULL, '2026-01-21 18:07:28', '2026-01-21 18:07:28'),
(594, 2, 'Login ke sistem', 'App\\Models\\User', 2, NULL, '2026-01-22 00:37:52', '2026-01-22 00:37:52'),
(595, 6, 'Login ke sistem', 'App\\Models\\User', 6, NULL, '2026-01-22 00:38:22', '2026-01-22 00:38:22'),
(596, 6, 'Logout dari sistem', 'App\\Models\\User', 6, NULL, '2026-01-22 01:01:21', '2026-01-22 01:01:21'),
(597, 1, 'Login ke sistem', 'App\\Models\\User', 1, NULL, '2026-01-22 01:01:27', '2026-01-22 01:01:27'),
(598, 1, 'Logout dari sistem', 'App\\Models\\User', 1, NULL, '2026-01-22 01:37:22', '2026-01-22 01:37:22'),
(599, 6, 'Login ke sistem', 'App\\Models\\User', 6, NULL, '2026-01-22 01:37:28', '2026-01-22 01:37:28'),
(600, 6, 'Logout dari sistem', 'App\\Models\\User', 6, NULL, '2026-01-22 02:22:21', '2026-01-22 02:22:21'),
(601, 6, 'Login ke sistem', 'App\\Models\\User', 6, NULL, '2026-01-22 02:22:36', '2026-01-22 02:22:36'),
(602, 6, 'Logout dari sistem', 'App\\Models\\User', 6, NULL, '2026-01-22 02:50:01', '2026-01-22 02:50:01');
INSERT INTO `activity_logs` (`id`, `user_id`, `aktivitas`, `model_type`, `model_id`, `detail`, `created_at`, `updated_at`) VALUES
(603, 3, 'Login ke sistem', 'App\\Models\\User', 3, NULL, '2026-01-22 02:50:08', '2026-01-22 02:50:08'),
(604, 3, 'Logout dari sistem', 'App\\Models\\User', 3, NULL, '2026-01-22 03:04:12', '2026-01-22 03:04:12'),
(605, 1, 'Login ke sistem', 'App\\Models\\User', 1, NULL, '2026-01-22 03:04:20', '2026-01-22 03:04:20'),
(606, 1, 'Logout dari sistem', 'App\\Models\\User', 1, NULL, '2026-01-22 03:53:50', '2026-01-22 03:53:50'),
(607, 6, 'Login ke sistem', 'App\\Models\\User', 6, NULL, '2026-01-22 03:53:58', '2026-01-22 03:53:58'),
(608, 6, 'Logout dari sistem', 'App\\Models\\User', 6, NULL, '2026-01-22 03:56:10', '2026-01-22 03:56:10'),
(609, 5, 'Login ke sistem', 'App\\Models\\User', 5, NULL, '2026-01-22 03:56:21', '2026-01-22 03:56:21'),
(610, 5, 'Logout dari sistem', 'App\\Models\\User', 5, NULL, '2026-01-22 04:51:44', '2026-01-22 04:51:44'),
(611, 1, 'Login ke sistem', 'App\\Models\\User', 1, NULL, '2026-01-22 04:51:48', '2026-01-22 04:51:48'),
(612, 1, 'Logout dari sistem', 'App\\Models\\User', 1, NULL, '2026-01-22 06:06:59', '2026-01-22 06:06:59'),
(613, 5, 'Login ke sistem', 'App\\Models\\User', 5, NULL, '2026-01-22 06:07:09', '2026-01-22 06:07:09'),
(614, 5, 'Mengajukan peminjaman #16', 'App\\Models\\Borrowing', 16, NULL, '2026-01-22 13:07:34', '2026-01-22 13:07:34'),
(615, 5, 'Mengajukan peminjaman baru', 'App\\Models\\Borrowing', 16, NULL, '2026-01-22 06:07:34', '2026-01-22 06:07:34'),
(616, 5, 'Logout dari sistem', 'App\\Models\\User', 5, NULL, '2026-01-22 06:07:38', '2026-01-22 06:07:38'),
(617, 1, 'Login ke sistem', 'App\\Models\\User', 1, NULL, '2026-01-22 06:31:17', '2026-01-22 06:31:17'),
(618, 1, 'Logout dari sistem', 'App\\Models\\User', 1, NULL, '2026-01-22 06:31:22', '2026-01-22 06:31:22'),
(619, 6, 'Login ke sistem', 'App\\Models\\User', 6, NULL, '2026-01-22 06:40:46', '2026-01-22 06:40:46'),
(620, 6, 'Logout dari sistem', 'App\\Models\\User', 6, NULL, '2026-01-22 06:57:20', '2026-01-22 06:57:20'),
(621, 1, 'Login ke sistem', 'App\\Models\\User', 1, NULL, '2026-01-22 06:57:25', '2026-01-22 06:57:25'),
(622, 1, 'Login ke sistem', 'App\\Models\\User', 1, NULL, '2026-01-26 04:06:33', '2026-01-26 04:06:33'),
(623, 1, 'Logout dari sistem', 'App\\Models\\User', 1, NULL, '2026-01-26 04:08:31', '2026-01-26 04:08:31'),
(624, 6, 'Login ke sistem', 'App\\Models\\User', 6, NULL, '2026-01-26 04:08:36', '2026-01-26 04:08:36'),
(625, 6, 'Logout dari sistem', 'App\\Models\\User', 6, NULL, '2026-01-26 04:10:50', '2026-01-26 04:10:50'),
(626, 1, 'Login ke sistem', 'App\\Models\\User', 1, NULL, '2026-01-26 04:10:55', '2026-01-26 04:10:55'),
(627, 1, 'Logout dari sistem', 'App\\Models\\User', 1, NULL, '2026-01-26 04:13:43', '2026-01-26 04:13:43'),
(628, 1, 'Login ke sistem', 'App\\Models\\User', 1, NULL, '2026-01-26 04:19:22', '2026-01-26 04:19:22'),
(629, 1, 'Logout dari sistem', 'App\\Models\\User', 1, NULL, '2026-01-26 04:39:58', '2026-01-26 04:39:58'),
(630, 3, 'Login ke sistem', 'App\\Models\\User', 3, NULL, '2026-01-26 04:54:56', '2026-01-26 04:54:56'),
(631, 3, 'Logout dari sistem', 'App\\Models\\User', 3, NULL, '2026-01-26 05:14:39', '2026-01-26 05:14:39'),
(632, 1, 'Login ke sistem', 'App\\Models\\User', 1, NULL, '2026-01-26 05:14:43', '2026-01-26 05:14:43'),
(633, 1, 'Logout dari sistem', 'App\\Models\\User', 1, NULL, '2026-01-26 05:22:53', '2026-01-26 05:22:53'),
(634, 6, 'Login ke sistem', 'App\\Models\\User', 6, NULL, '2026-01-26 05:23:00', '2026-01-26 05:23:00'),
(635, 6, 'Logout dari sistem', 'App\\Models\\User', 6, NULL, '2026-01-26 05:36:24', '2026-01-26 05:36:24'),
(636, 5, 'Login ke sistem', 'App\\Models\\User', 5, NULL, '2026-01-26 05:36:30', '2026-01-26 05:36:30'),
(637, 5, 'Logout dari sistem', 'App\\Models\\User', 5, NULL, '2026-01-26 05:36:54', '2026-01-26 05:36:54'),
(638, 3, 'Login ke sistem', 'App\\Models\\User', 3, NULL, '2026-01-26 05:36:58', '2026-01-26 05:36:58'),
(639, 3, 'Logout dari sistem', 'App\\Models\\User', 3, NULL, '2026-01-26 05:49:57', '2026-01-26 05:49:57'),
(640, 1, 'Login ke sistem', 'App\\Models\\User', 1, NULL, '2026-01-26 05:50:03', '2026-01-26 05:50:03'),
(641, 1, 'Login ke sistem', 'App\\Models\\User', 1, NULL, '2026-02-26 08:57:23', '2026-02-26 08:57:23'),
(642, 1, 'Mengupdate user: Tes', 'App\\Models\\User', 13, NULL, '2026-02-26 09:05:35', '2026-02-26 09:05:35'),
(643, 1, 'Mengupdate user: Dedi', 'App\\Models\\User', 6, NULL, '2026-02-26 09:05:55', '2026-02-26 09:05:55'),
(644, 1, 'Logout dari sistem', 'App\\Models\\User', 1, NULL, '2026-02-26 09:06:00', '2026-02-26 09:06:00'),
(645, 13, 'Login ke sistem', 'App\\Models\\User', 13, NULL, '2026-02-26 09:06:09', '2026-02-26 09:06:09'),
(646, 5, 'Status peminjaman #16 diubah menjadi disetujui', 'AppModelsBorrowing', 16, NULL, '2026-02-26 16:06:16', '2026-02-26 16:06:16'),
(647, 13, 'Menyetujui peminjaman ID: 16', 'App\\Models\\Borrowing', 16, NULL, '2026-02-26 09:06:16', '2026-02-26 09:06:16'),
(648, 13, 'Logout dari sistem', 'App\\Models\\User', 13, NULL, '2026-02-26 09:07:11', '2026-02-26 09:07:11'),
(649, 1, 'Login ke sistem', 'App\\Models\\User', 1, NULL, '2026-02-26 09:07:33', '2026-02-26 09:07:33'),
(650, 1, 'Logout dari sistem', 'App\\Models\\User', 1, NULL, '2026-02-26 09:07:52', '2026-02-26 09:07:52'),
(651, 15, 'Registrasi akun baru', 'App\\Models\\User', 15, NULL, '2026-02-26 09:08:17', '2026-02-26 09:08:17'),
(652, 15, 'Mengajukan peminjaman #17', 'AppModelsBorrowing', 17, NULL, '2026-02-26 16:12:08', '2026-02-26 16:12:08'),
(653, 15, 'Mengajukan peminjaman baru', 'App\\Models\\Borrowing', 17, NULL, '2026-02-26 09:12:08', '2026-02-26 09:12:08'),
(654, 1, 'Login ke sistem', 'App\\Models\\User', 1, NULL, '2026-03-02 08:22:20', '2026-03-02 08:22:20'),
(655, 1, 'Logout dari sistem', 'App\\Models\\User', 1, NULL, '2026-03-02 08:47:55', '2026-03-02 08:47:55'),
(656, 2, 'Login ke sistem', 'App\\Models\\User', 2, NULL, '2026-03-02 08:50:13', '2026-03-02 08:50:13'),
(657, 1, 'Login ke sistem', 'App\\Models\\User', 1, NULL, '2026-03-11 04:36:06', '2026-03-11 04:36:06'),
(658, 1, 'Logout dari sistem', 'App\\Models\\User', 1, NULL, '2026-03-11 04:37:27', '2026-03-11 04:37:27'),
(659, 3, 'Login ke sistem', 'App\\Models\\User', 3, NULL, '2026-03-29 10:21:25', '2026-03-29 10:21:25'),
(660, 3, 'Status peminjaman #15 diubah menjadi menunggu_pengembalian', 'AppModelsBorrowing', 15, NULL, '2026-03-29 17:22:03', '2026-03-29 17:22:03'),
(661, 3, 'Mengajukan pengembalian peminjaman ID: 15', 'App\\Models\\Borrowing', 15, NULL, '2026-03-29 10:22:03', '2026-03-29 10:22:03'),
(662, 2, 'Login ke sistem', 'App\\Models\\User', 2, NULL, '2026-03-29 10:24:12', '2026-03-29 10:24:12'),
(663, 3, 'Status peminjaman #15 diubah menjadi dikembalikan', 'AppModelsBorrowing', 15, NULL, '2026-03-29 17:24:49', '2026-03-29 17:24:49'),
(664, 2, 'Memproses pengembalian peminjaman ID: 15', 'App\\Models\\ReturnModel', 10, NULL, '2026-03-29 10:24:49', '2026-03-29 10:24:49'),
(665, 2, 'Logout dari sistem', 'App\\Models\\User', 2, NULL, '2026-03-29 10:25:46', '2026-03-29 10:25:46'),
(666, 3, 'Mengajukan peminjaman #18', 'AppModelsBorrowing', 18, NULL, '2026-03-29 17:27:38', '2026-03-29 17:27:38'),
(667, 3, 'Mengajukan peminjaman baru', 'App\\Models\\Borrowing', 18, NULL, '2026-03-29 10:27:38', '2026-03-29 10:27:38'),
(668, 2, 'Login ke sistem', 'App\\Models\\User', 2, NULL, '2026-03-30 01:15:04', '2026-03-30 01:15:04'),
(669, 3, 'Mengajukan peminjaman #19', 'AppModelsBorrowing', 19, NULL, '2026-03-30 08:16:04', '2026-03-30 08:16:04'),
(670, 3, 'Mengajukan peminjaman baru', 'App\\Models\\Borrowing', 19, NULL, '2026-03-30 01:16:04', '2026-03-30 01:16:04'),
(671, 3, 'Status peminjaman #19 diubah menjadi disetujui', 'AppModelsBorrowing', 19, NULL, '2026-03-30 08:16:14', '2026-03-30 08:16:14'),
(672, 2, 'Menyetujui peminjaman ID: 19', 'App\\Models\\Borrowing', 19, NULL, '2026-03-30 01:16:14', '2026-03-30 01:16:14'),
(673, 3, 'Status peminjaman #19 diubah menjadi menunggu_pengembalian', 'AppModelsBorrowing', 19, NULL, '2026-03-30 08:16:55', '2026-03-30 08:16:55'),
(674, 3, 'Mengajukan pengembalian peminjaman ID: 19', 'App\\Models\\Borrowing', 19, NULL, '2026-03-30 01:16:55', '2026-03-30 01:16:55'),
(675, 3, 'Status peminjaman #19 diubah menjadi dikembalikan', 'AppModelsBorrowing', 19, NULL, '2026-03-30 08:17:11', '2026-03-30 08:17:11'),
(676, 2, 'Memproses pengembalian peminjaman ID: 19', 'App\\Models\\ReturnModel', 11, NULL, '2026-03-30 01:17:11', '2026-03-30 01:17:11'),
(677, 2, 'Logout dari sistem', 'App\\Models\\User', 2, NULL, '2026-03-30 01:17:59', '2026-03-30 01:17:59'),
(678, 1, 'Login ke sistem', 'App\\Models\\User', 1, NULL, '2026-03-30 01:18:07', '2026-03-30 01:18:07'),
(679, 3, 'Logout dari sistem', 'App\\Models\\User', 3, NULL, '2026-03-30 01:19:51', '2026-03-30 01:19:51'),
(680, 2, 'Login ke sistem', 'App\\Models\\User', 2, NULL, '2026-03-30 01:20:10', '2026-03-30 01:20:10'),
(681, 3, 'Login ke sistem', 'App\\Models\\User', 3, NULL, '2026-03-30 12:29:12', '2026-03-30 12:29:12'),
(682, 2, 'Login ke sistem', 'App\\Models\\User', 2, NULL, '2026-03-30 15:38:58', '2026-03-30 15:38:58'),
(683, 2, 'Logout dari sistem', 'App\\Models\\User', 2, NULL, '2026-03-30 15:39:04', '2026-03-30 15:39:04'),
(684, 3, 'Login ke sistem', 'App\\Models\\User', 3, NULL, '2026-03-30 15:39:19', '2026-03-30 15:39:19'),
(685, 1, 'Login ke sistem', 'App\\Models\\User', 1, NULL, '2026-04-01 06:13:32', '2026-04-01 06:13:32'),
(686, 1, 'Logout dari sistem', 'App\\Models\\User', 1, NULL, '2026-04-01 06:14:08', '2026-04-01 06:14:08'),
(687, 3, 'Login ke sistem', 'App\\Models\\User', 3, NULL, '2026-04-01 06:14:18', '2026-04-01 06:14:18'),
(688, 1, 'Login ke sistem', 'App\\Models\\User', 1, NULL, '2026-04-02 01:24:25', '2026-04-02 01:24:25'),
(689, 1, 'Logout dari sistem', 'App\\Models\\User', 1, NULL, '2026-04-02 01:25:37', '2026-04-02 01:25:37'),
(690, 3, 'Login ke sistem', 'App\\Models\\User', 3, NULL, '2026-04-02 02:40:04', '2026-04-02 02:40:04'),
(691, 3, 'Mengajukan peminjaman #20', 'AppModelsBorrowing', 20, NULL, '2026-04-02 09:40:33', '2026-04-02 09:40:33'),
(692, 3, 'Mengajukan peminjaman baru', 'App\\Models\\Borrowing', 20, NULL, '2026-04-02 02:40:33', '2026-04-02 02:40:33'),
(693, 2, 'Login ke sistem', 'App\\Models\\User', 2, NULL, '2026-04-02 02:40:53', '2026-04-02 02:40:53'),
(694, 3, 'Status peminjaman #20 diubah menjadi disetujui', 'AppModelsBorrowing', 20, NULL, '2026-04-02 09:41:06', '2026-04-02 09:41:06'),
(695, 2, 'Menyetujui peminjaman ID: 20', 'App\\Models\\Borrowing', 20, NULL, '2026-04-02 02:41:06', '2026-04-02 02:41:06'),
(696, 3, 'Status peminjaman #20 diubah menjadi menunggu_pengembalian', 'AppModelsBorrowing', 20, NULL, '2026-04-02 09:41:20', '2026-04-02 09:41:20'),
(697, 3, 'Mengajukan pengembalian peminjaman ID: 20', 'App\\Models\\Borrowing', 20, NULL, '2026-04-02 02:41:20', '2026-04-02 02:41:20'),
(698, 3, 'Status peminjaman #20 diubah menjadi dikembalikan', 'AppModelsBorrowing', 20, NULL, '2026-04-02 09:41:27', '2026-04-02 09:41:27'),
(699, 2, 'Memproses pengembalian peminjaman ID: 20', 'App\\Models\\ReturnModel', 12, NULL, '2026-04-02 02:41:27', '2026-04-02 02:41:27'),
(700, 3, 'Logout dari sistem', 'App\\Models\\User', 3, NULL, '2026-04-02 03:55:16', '2026-04-02 03:55:16'),
(701, 1, 'Login ke sistem', 'App\\Models\\User', 1, NULL, '2026-04-02 03:55:51', '2026-04-02 03:55:51'),
(702, 1, 'Logout dari sistem', 'App\\Models\\User', 1, NULL, '2026-04-02 03:58:06', '2026-04-02 03:58:06'),
(703, 1, 'Login ke sistem', 'App\\Models\\User', 1, NULL, '2026-04-02 05:00:03', '2026-04-02 05:00:03'),
(704, 1, 'Logout dari sistem', 'App\\Models\\User', 1, NULL, '2026-04-02 05:04:19', '2026-04-02 05:04:19'),
(705, 1, 'Login ke sistem', 'App\\Models\\User', 1, NULL, '2026-04-02 05:07:47', '2026-04-02 05:07:47'),
(706, 1, 'Mengupdate pengaturan denda per alat', NULL, NULL, NULL, '2026-04-02 05:19:10', '2026-04-02 05:19:10'),
(707, 1, 'Export database', NULL, NULL, 'database_backup_20260402_053522.sql', '2026-04-02 05:35:23', '2026-04-02 05:35:23'),
(708, 1, 'Export database', NULL, NULL, 'database_backup_20260402_053531.sql', '2026-04-02 05:35:32', '2026-04-02 05:35:32'),
(709, 15, 'Reset password akun', 'App\\Models\\User', 15, NULL, '2026-04-03 13:56:55', '2026-04-03 13:56:55'),
(710, 15, 'Reset password akun', 'App\\Models\\User', 15, NULL, '2026-04-03 14:04:28', '2026-04-03 14:04:28'),
(711, 1, 'Login ke sistem', 'App\\Models\\User', 1, NULL, '2026-04-03 14:05:50', '2026-04-03 14:05:50'),
(712, 1, 'Mengupdate pengaturan denda per alat', NULL, NULL, NULL, '2026-04-03 14:16:53', '2026-04-03 14:16:53'),
(713, 1, 'Mengupdate pengaturan denda per alat', NULL, NULL, NULL, '2026-04-03 14:16:57', '2026-04-03 14:16:57'),
(714, 1, 'Mengupdate pengaturan denda per alat', NULL, NULL, NULL, '2026-04-03 14:23:20', '2026-04-03 14:23:20'),
(715, 1, 'Menghapus alat: Remote', NULL, NULL, NULL, '2026-04-03 14:24:37', '2026-04-03 14:24:37'),
(716, 1, 'Mengupdate pengaturan denda per alat', NULL, NULL, NULL, '2026-04-03 14:39:55', '2026-04-03 14:39:55'),
(717, 1, 'Login ke sistem', 'App\\Models\\User', 1, NULL, '2026-04-04 14:21:16', '2026-04-04 14:21:16'),
(718, 1, 'Login ke sistem', 'App\\Models\\User', 1, NULL, '2026-04-06 07:17:55', '2026-04-06 07:17:55'),
(719, 1, 'Export database', NULL, NULL, 'database_backup_20260406_074648.sql', '2026-04-06 07:46:50', '2026-04-06 07:46:50'),
(720, 1, 'Export database', NULL, NULL, 'database_backup_20260406_074704.sql', '2026-04-06 07:47:05', '2026-04-06 07:47:05');

--
-- Table structure for table `borrowing_details`
--
DROP TABLE IF EXISTS `borrowing_details`;
CREATE TABLE `borrowing_details` (
  `id` bigint unsigned NOT NULL AUTO_INCREMENT,
  `borrowing_id` bigint unsigned NOT NULL,
  `tool_id` bigint unsigned NOT NULL,
  `jumlah` int NOT NULL,
  `created_at` timestamp NULL DEFAULT NULL,
  `updated_at` timestamp NULL DEFAULT NULL,
  PRIMARY KEY (`id`),
  KEY `borrowing_details_borrowing_id_foreign` (`borrowing_id`),
  KEY `borrowing_details_tool_id_foreign` (`tool_id`),
  CONSTRAINT `borrowing_details_borrowing_id_foreign` FOREIGN KEY (`borrowing_id`) REFERENCES `borrowings` (`id`) ON DELETE CASCADE,
  CONSTRAINT `borrowing_details_tool_id_foreign` FOREIGN KEY (`tool_id`) REFERENCES `tools` (`id`) ON DELETE CASCADE
) ENGINE=InnoDB AUTO_INCREMENT=22 DEFAULT CHARSET=utf8mb4 COLLATE=utf8mb4_unicode_ci;

--
-- Dumping data for table `borrowing_details`
--
INSERT INTO `borrowing_details` (`id`, `borrowing_id`, `tool_id`, `jumlah`, `created_at`, `updated_at`) VALUES
(1, 1, 1, 5, '2026-01-09 07:25:07', '2026-01-09 07:25:07'),
(2, 2, 1, 5, '2026-01-09 07:25:07', '2026-01-09 07:25:07'),
(3, 3, 1, 5, '2026-01-09 07:37:20', '2026-01-09 07:37:20'),
(4, 4, 1, 5, '2026-01-10 14:39:03', '2026-01-10 14:39:03'),
(5, 5, 1, 5, '2026-01-10 14:56:19', '2026-01-10 14:56:19'),
(7, 7, 1, 5, '2026-01-10 17:09:23', '2026-01-10 17:09:23'),
(8, 8, 1, 5, '2026-01-10 17:09:43', '2026-01-10 17:09:43'),
(9, 9, 2, 5, '2026-01-14 01:05:08', '2026-01-14 01:05:08'),
(10, 10, 3, 20, '2026-01-14 01:10:16', '2026-01-14 01:10:16'),
(11, 11, 1, 10, '2026-01-14 01:32:23', '2026-01-14 01:32:23'),
(12, 12, 5, 20, '2026-01-19 04:17:49', '2026-01-19 04:17:49'),
(13, 13, 4, 1, '2026-01-19 16:29:19', '2026-01-19 16:29:19'),
(16, 16, 9, 5, '2026-01-22 06:07:34', '2026-01-22 06:07:34'),
(17, 17, 8, 5, '2026-02-26 09:12:08', '2026-02-26 09:12:08'),
(18, 18, 2, 1, '2026-03-29 10:27:38', '2026-03-29 10:27:38'),
(19, 19, 6, 2, '2026-03-30 01:16:04', '2026-03-30 01:16:04'),
(20, 20, 5, 1, '2026-04-02 02:40:33', '2026-04-02 02:40:33'),
(21, 20, 6, 1, '2026-04-02 02:40:33', '2026-04-02 02:40:33');

--
-- Table structure for table `borrowings`
--
DROP TABLE IF EXISTS `borrowings`;
CREATE TABLE `borrowings` (
  `id` bigint unsigned NOT NULL AUTO_INCREMENT,
  `user_id` bigint unsigned NOT NULL,
  `tanggal_pinjam` date NOT NULL,
  `tanggal_selesai` date DEFAULT NULL,
  `tanggal_kembali` date DEFAULT NULL,
  `jatuh_tempo` date DEFAULT NULL,
  `status` enum('menunggu','disetujui','ditolak','dikembalikan','menunggu_pengembalian') CHARACTER SET utf8mb4 COLLATE utf8mb4_unicode_ci NOT NULL DEFAULT 'menunggu',
  `keterangan` text CHARACTER SET utf8mb4 COLLATE utf8mb4_unicode_ci,
  `created_at` timestamp NULL DEFAULT NULL,
  `updated_at` timestamp NULL DEFAULT NULL,
  PRIMARY KEY (`id`),
  KEY `borrowings_user_id_foreign` (`user_id`),
  CONSTRAINT `borrowings_user_id_foreign` FOREIGN KEY (`user_id`) REFERENCES `users` (`id`) ON DELETE CASCADE
) ENGINE=InnoDB AUTO_INCREMENT=21 DEFAULT CHARSET=utf8mb4 COLLATE=utf8mb4_unicode_ci;

--
-- Dumping data for table `borrowings`
--
INSERT INTO `borrowings` (`id`, `user_id`, `tanggal_pinjam`, `tanggal_selesai`, `tanggal_kembali`, `jatuh_tempo`, `status`, `keterangan`, `created_at`, `updated_at`) VALUES
(1, 3, '2026-01-09', NULL, NULL, NULL, 'ditolak', '-', '2026-01-09 07:25:07', '2026-01-09 07:25:31'),
(2, 3, '2026-01-09', NULL, NULL, '2026-01-12', 'dikembalikan', NULL, '2026-01-09 07:25:07', '2026-01-09 07:26:25'),
(3, 3, '2026-01-09', '2026-01-11', NULL, '2026-01-11', 'dikembalikan', NULL, '2026-01-09 07:37:20', '2026-01-10 14:54:01'),
(4, 3, '2026-01-10', '2026-01-10', NULL, '2026-01-10', 'disetujui', NULL, '2026-01-10 14:39:03', '2026-01-10 14:39:24'),
(5, 3, '2026-01-10', '2026-01-10', NULL, '2026-01-10', 'disetujui', NULL, '2026-01-10 14:56:19', '2026-01-15 04:38:20'),
(7, 3, '2026-01-10', '2026-01-12', NULL, '2026-01-12', 'dikembalikan', NULL, '2026-01-10 17:09:23', '2026-01-11 00:14:30'),
(8, 3, '2026-01-10', '2026-01-11', NULL, '2026-01-11', 'dikembalikan', NULL, '2026-01-10 17:09:43', '2026-01-15 00:47:27'),
(9, 3, '2026-01-14', '2026-01-15', NULL, '2026-01-15', 'dikembalikan', NULL, '2026-01-14 01:05:08', '2026-01-19 16:37:07'),
(10, 3, '2026-01-14', '2026-01-16', NULL, '2026-01-16', 'dikembalikan', NULL, '2026-01-14 01:10:15', '2026-01-15 01:40:14'),
(11, 3, '2026-01-14', '2026-01-18', NULL, '2026-01-18', 'dikembalikan', NULL, '2026-01-14 01:32:23', '2026-01-15 01:14:46'),
(12, 3, '2026-01-19', '2026-01-22', NULL, '2026-01-22', 'dikembalikan', NULL, '2026-01-19 04:17:49', '2026-01-20 01:51:23'),
(13, 3, '2026-01-19', '2026-01-22', NULL, '2026-01-22', 'menunggu_pengembalian', NULL, '2026-01-19 16:29:19', '2026-01-21 04:34:12'),
(14, 3, '2026-01-21', '2026-01-22', NULL, NULL, 'ditolak', 'Stok habis', '2026-01-21 04:49:19', '2026-01-21 04:50:53'),
(15, 3, '2026-01-21', '2026-01-22', NULL, '2026-01-22', 'dikembalikan', NULL, '2026-01-21 04:49:43', '2026-03-29 10:24:49'),
(16, 5, '2026-01-22', '2026-01-23', NULL, '2026-01-23', 'disetujui', NULL, '2026-01-22 06:07:34', '2026-02-26 09:06:16'),
(17, 15, '2026-02-26', '2026-02-26', NULL, NULL, 'menunggu', NULL, '2026-02-26 09:12:08', '2026-02-26 09:12:08'),
(18, 3, '2026-03-29', '2026-03-29', NULL, NULL, 'menunggu', NULL, '2026-03-29 10:27:38', '2026-03-29 10:27:38'),
(19, 3, '2026-03-30', '2026-03-31', NULL, '2026-03-31', 'dikembalikan', NULL, '2026-03-30 01:16:04', '2026-03-30 01:17:11'),
(20, 3, '2026-04-02', '2026-04-03', NULL, '2026-04-03', 'dikembalikan', NULL, '2026-04-02 02:40:33', '2026-04-02 02:41:27');

--
-- Table structure for table `cache`
--
DROP TABLE IF EXISTS `cache`;
CREATE TABLE `cache` (
  `key` varchar(255) CHARACTER SET utf8mb4 COLLATE utf8mb4_unicode_ci NOT NULL,
  `value` mediumtext CHARACTER SET utf8mb4 COLLATE utf8mb4_unicode_ci NOT NULL,
  `expiration` int NOT NULL,
  PRIMARY KEY (`key`)
) ENGINE=InnoDB DEFAULT CHARSET=utf8mb4 COLLATE=utf8mb4_unicode_ci;

--
-- Table structure for table `cache_locks`
--
DROP TABLE IF EXISTS `cache_locks`;
CREATE TABLE `cache_locks` (
  `key` varchar(255) CHARACTER SET utf8mb4 COLLATE utf8mb4_unicode_ci NOT NULL,
  `owner` varchar(255) CHARACTER SET utf8mb4 COLLATE utf8mb4_unicode_ci NOT NULL,
  `expiration` int NOT NULL,
  PRIMARY KEY (`key`)
) ENGINE=InnoDB DEFAULT CHARSET=utf8mb4 COLLATE=utf8mb4_unicode_ci;

--
-- Table structure for table `categories`
--
DROP TABLE IF EXISTS `categories`;
CREATE TABLE `categories` (
  `id` bigint unsigned NOT NULL AUTO_INCREMENT,
  `nama_kategori` varchar(100) CHARACTER SET utf8mb4 COLLATE utf8mb4_unicode_ci NOT NULL,
  `created_at` timestamp NULL DEFAULT NULL,
  `updated_at` timestamp NULL DEFAULT NULL,
  PRIMARY KEY (`id`)
) ENGINE=InnoDB AUTO_INCREMENT=7 DEFAULT CHARSET=utf8mb4 COLLATE=utf8mb4_unicode_ci;

--
-- Dumping data for table `categories`
--
INSERT INTO `categories` (`id`, `nama_kategori`, `created_at`, `updated_at`) VALUES
(1, 'Perangkat Komputer', '2026-01-09 07:20:39', '2026-01-09 07:20:39'),
(2, 'Peralatan Jaringan', '2026-01-09 07:20:39', '2026-01-09 07:20:39'),
(3, 'Peralatan Multimedia', '2026-01-09 07:20:39', '2026-01-09 07:20:39'),
(4, 'Inventaris Umum', '2026-01-09 07:20:39', '2026-01-09 07:20:39'),
(5, 'Elektronik', '2026-01-15 02:18:43', '2026-01-15 02:18:43');

--
-- Table structure for table `migrations`
--
DROP TABLE IF EXISTS `migrations`;
CREATE TABLE `migrations` (
  `id` int unsigned NOT NULL AUTO_INCREMENT,
  `migration` varchar(255) CHARACTER SET utf8mb4 COLLATE utf8mb4_unicode_ci NOT NULL,
  `batch` int NOT NULL,
  PRIMARY KEY (`id`)
) ENGINE=InnoDB AUTO_INCREMENT=24 DEFAULT CHARSET=utf8mb4 COLLATE=utf8mb4_unicode_ci;

--
-- Dumping data for table `migrations`
--
INSERT INTO `migrations` (`id`, `migration`, `batch`) VALUES
(1, '2024_01_01_000001_create_users_table', 1),
(2, '2024_01_01_000002_create_categories_table', 1),
(3, '2024_01_01_000003_create_tools_table', 1),
(4, '2024_01_01_000004_create_borrowings_table', 1),
(5, '2024_01_01_000005_create_borrowing_details_table', 1),
(6, '2024_01_01_000006_create_returns_table', 1),
(7, '2024_01_01_000007_create_activity_logs_table', 1),
(8, '2024_01_01_000008_create_database_functions_and_procedures', 2),
(9, '2024_01_01_000009_create_triggers', 2),
(10, '2024_01_01_000010_create_notifications_table', 2),
(11, '2024_01_01_000011_update_borrowings_add_jatuh_tempo', 2),
(12, '2024_01_01_000012_update_tools_change_kondisi_to_status', 2),
(13, '2024_01_01_000013_update_returns_add_terlambat_hari', 2),
(14, '2026_01_09_041231_create_sessions_table', 2),
(15, '2026_01_09_041254_create_cache_table', 2),
(16, '2024_01_01_000014_add_tanggal_selesai_to_borrowings', 3),
(17, '2026_01_13_161608_add_gambar_to_tools_table', 4),
(18, '2026_01_15_011019_add_denda_kerusakan_to_returns_table', 5),
(19, '2026_01_15_013357_add_menunggu_pengembalian_to_borrowings_status', 6),
(20, '2026_01_21_044157_add_stok_rusak_to_tools_table', 7),
(21, '2026_01_21_050550_add_stok_perbaikan_to_tools_table', 8),
(22, '2026_04_02_000013_add_denda_per_hari_to_tools_table', 9),
(23, '2026_04_03_000014_create_password_reset_tokens_table', 10);

--
-- Table structure for table `notifications`
--
DROP TABLE IF EXISTS `notifications`;
CREATE TABLE `notifications` (
  `id` bigint unsigned NOT NULL AUTO_INCREMENT,
  `user_id` bigint unsigned NOT NULL,
  `tipe` varchar(255) CHARACTER SET utf8mb4 COLLATE utf8mb4_unicode_ci NOT NULL,
  `judul` varchar(255) CHARACTER SET utf8mb4 COLLATE utf8mb4_unicode_ci NOT NULL,
  `pesan` text CHARACTER SET utf8mb4 COLLATE utf8mb4_unicode_ci NOT NULL,
  `status_baca` tinyint(1) NOT NULL DEFAULT '0',
  `related_id` bigint unsigned DEFAULT NULL,
  `related_type` varchar(255) CHARACTER SET utf8mb4 COLLATE utf8mb4_unicode_ci DEFAULT NULL,
  `created_at` timestamp NULL DEFAULT NULL,
  `updated_at` timestamp NULL DEFAULT NULL,
  PRIMARY KEY (`id`),
  KEY `notifications_user_id_foreign` (`user_id`),
  CONSTRAINT `notifications_user_id_foreign` FOREIGN KEY (`user_id`) REFERENCES `users` (`id`) ON DELETE CASCADE
) ENGINE=InnoDB AUTO_INCREMENT=137 DEFAULT CHARSET=utf8mb4 COLLATE=utf8mb4_unicode_ci;

--
-- Dumping data for table `notifications`
--
INSERT INTO `notifications` (`id`, `user_id`, `tipe`, `judul`, `pesan`, `status_baca`, `related_id`, `related_type`, `created_at`, `updated_at`) VALUES
(1, 3, 'peminjaman_ditolak', 'Peminjaman Ditolak', 'Peminjaman Anda (#1) telah ditolak. Alasan: -', 1, 1, 'App\\Models\\Borrowing', '2026-01-09 07:25:31', '2026-01-09 07:26:08'),
(2, 3, 'peminjaman_disetujui', 'Peminjaman Disetujui', 'Peminjaman Anda (#2) telah disetujui. Jatuh tempo: 12/01/2026', 1, 2, 'App\\Models\\Borrowing', '2026-01-09 07:25:34', '2026-01-09 07:26:05'),
(4, 3, 'peminjaman_disetujui', 'Peminjaman Disetujui', 'Peminjaman Anda (#4) telah disetujui. Jatuh tempo: 10/01/2026', 1, 4, 'App\\Models\\Borrowing', '2026-01-10 14:39:24', '2026-01-10 14:40:37'),
(5, 3, 'peminjaman_disetujui', 'Peminjaman Disetujui', 'Peminjaman Anda (#5) telah disetujui. Jatuh tempo: 10/01/2026', 1, 5, 'App\\Models\\Borrowing', '2026-01-10 14:56:47', '2026-01-10 15:49:40'),
(6, 3, 'pengingat_pengembalian', 'Pengingat Pengembalian', 'Dari Petugas: Pengingat: Peminjaman Anda (#5) akan jatuh tempo pada 10/01/2026. Segera kembalikan alat untuk menghindari denda.', 1, 5, 'App\\Models\\Borrowing', '2026-01-10 15:53:11', '2026-01-10 15:53:40'),
(7, 1, 'peminjaman_baru', 'Peminjaman Baru', 'Peminjaman baru (#7) dari Peminjam menunggu persetujuan.', 1, 7, 'App\\Models\\Borrowing', '2026-01-10 17:09:23', '2026-01-10 23:27:14'),
(8, 2, 'peminjaman_baru', 'Peminjaman Baru', 'Peminjaman baru (#7) dari Peminjam menunggu persetujuan.', 1, 7, 'App\\Models\\Borrowing', '2026-01-10 17:09:23', '2026-01-10 23:37:45'),
(9, 1, 'peminjaman_baru', 'Peminjaman Baru', 'Peminjaman baru (#8) dari Peminjam menunggu persetujuan.', 1, 8, 'App\\Models\\Borrowing', '2026-01-10 17:09:43', '2026-01-10 23:27:14'),
(10, 2, 'peminjaman_baru', 'Peminjaman Baru', 'Peminjaman baru (#8) dari Peminjam menunggu persetujuan.', 1, 8, 'App\\Models\\Borrowing', '2026-01-10 17:09:43', '2026-01-10 23:37:45'),
(11, 3, 'peminjaman_disetujui', 'Peminjaman Disetujui', 'Peminjaman Anda (#8) telah disetujui. Jatuh tempo: 11/01/2026', 1, 8, 'App\\Models\\Borrowing', '2026-01-10 17:10:06', '2026-01-10 23:28:05'),
(12, 3, 'peminjaman_disetujui', 'Peminjaman Disetujui', 'Peminjaman Anda (#7) telah disetujui. Jatuh tempo: 12/01/2026', 1, 7, 'App\\Models\\Borrowing', '2026-01-10 17:10:14', '2026-01-10 23:28:05'),
(13, 1, 'pengembalian_peminjam', 'Pengembalian oleh Peminjam', 'Peminjaman (#5) dari Peminjam telah dikembalikan. Silakan proses pengembalian.', 1, 5, 'App\\Models\\Borrowing', '2026-01-10 17:24:10', '2026-01-10 23:27:14'),
(14, 2, 'pengembalian_peminjam', 'Pengembalian oleh Peminjam', 'Peminjaman (#5) dari Peminjam telah dikembalikan. Silakan proses pengembalian.', 1, 5, 'App\\Models\\Borrowing', '2026-01-10 17:24:10', '2026-01-10 23:37:45'),
(15, 3, 'pengembalian_diproses', 'Pengembalian Diproses', 'Pengembalian peminjaman (#5) telah diproses pada 10/01/2026.', 1, 3, 'App\\Models\\ReturnModel', '2026-01-10 17:24:10', '2026-01-10 23:28:05'),
(16, 3, 'pengingat_pengembalian', 'Pengingat Pengembalian', 'Dari Petugas: Pengingat: Peminjaman Anda (#4) akan jatuh tempo pada 10/01/2026. Segera kembalikan alat untuk menghindari denda.', 1, 4, 'App\\Models\\Borrowing', '2026-01-10 23:37:32', '2026-01-10 23:49:25'),
(17, 3, 'estimasi_denda', 'Pemberitahuan Estimasi Denda', 'Dari Petugas: Pemberitahuan Denda - Peminjaman #4:\nEstimasi denda yang harus dibayar: Rp 5.000 (1 hari terlambat dari tanggal 10/01/2026).\nSegera kembalikan alat untuk menghentikan penambahan denda.', 1, 4, 'App\\Models\\Borrowing', '2026-01-11 00:13:23', '2026-01-11 00:14:09'),
(18, 1, 'pengembalian_peminjam', 'Pengembalian oleh Peminjam', 'Peminjaman (#7) dari Peminjam telah dikembalikan. Silakan proses pengembalian.', 1, 7, 'App\\Models\\Borrowing', '2026-01-11 00:14:30', '2026-01-11 00:15:20'),
(19, 2, 'pengembalian_peminjam', 'Pengembalian oleh Peminjam', 'Peminjaman (#7) dari Peminjam telah dikembalikan. Silakan proses pengembalian.', 1, 7, 'App\\Models\\Borrowing', '2026-01-11 00:14:30', '2026-01-11 00:14:51'),
(20, 3, 'pengembalian_diproses', 'Pengembalian Diproses', 'Pengembalian peminjaman (#7) telah diproses pada 11/01/2026.', 1, 4, 'App\\Models\\ReturnModel', '2026-01-11 00:14:30', '2026-01-11 01:43:48'),
(21, 3, 'estimasi_denda', 'Pemberitahuan Estimasi Denda', 'Dari Petugas: Pemberitahuan Denda - Peminjaman #8:\nEstimasi denda yang harus dibayar: Rp 10.000 (2 hari terlambat dari tanggal 11/01/2026).\nSegera kembalikan alat untuk menghentikan penambahan denda.', 1, 8, 'App\\Models\\Borrowing', '2026-01-13 01:37:40', '2026-01-13 01:38:27'),
(22, 3, 'estimasi_denda', 'Pemberitahuan Estimasi Denda', 'Dari Petugas: Pemberitahuan Denda - Peminjaman #8:\nEstimasi denda yang harus dibayar: Rp 10.000 (2 hari terlambat dari tanggal 11/01/2026).\nSegera kembalikan alat untuk menghentikan penambahan denda.', 1, 8, 'App\\Models\\Borrowing', '2026-01-13 01:37:42', '2026-01-13 01:38:27'),
(23, 3, 'estimasi_denda', 'Pemberitahuan Estimasi Denda', 'Dari Petugas: Pemberitahuan Denda - Peminjaman #8:\nEstimasi denda yang harus dibayar: Rp 10.000 (2 hari terlambat dari tanggal 11/01/2026).\nSegera kembalikan alat untuk menghentikan penambahan denda.', 1, 8, 'App\\Models\\Borrowing', '2026-01-13 01:37:43', '2026-01-13 01:38:27'),
(24, 3, 'estimasi_denda', 'Pemberitahuan Estimasi Denda', 'Dari Petugas: Pemberitahuan Denda - Peminjaman #8:\nEstimasi denda yang harus dibayar: Rp 10.000 (2 hari terlambat dari tanggal 11/01/2026).\nSegera kembalikan alat untuk menghentikan penambahan denda.', 1, 8, 'App\\Models\\Borrowing', '2026-01-13 01:37:58', '2026-01-13 01:38:27'),
(25, 1, 'peminjaman_baru', 'Peminjaman Baru', 'Peminjaman baru (#9) dari Peminjam menunggu persetujuan.', 1, 9, 'App\\Models\\Borrowing', '2026-01-14 01:05:08', '2026-01-19 01:43:33'),
(26, 2, 'peminjaman_baru', 'Peminjaman Baru', 'Peminjaman baru (#9) dari Peminjam menunggu persetujuan.', 1, 9, 'App\\Models\\Borrowing', '2026-01-14 01:05:08', '2026-01-14 01:05:48'),
(27, 6, 'peminjaman_baru', 'Peminjaman Baru', 'Peminjaman baru (#9) dari Peminjam menunggu persetujuan.', 1, 9, 'App\\Models\\Borrowing', '2026-01-14 01:05:08', '2026-01-18 13:14:41'),
(28, 3, 'peminjaman_disetujui', 'Peminjaman Disetujui', 'Peminjaman Anda (#9) telah disetujui. Jatuh tempo: 15/01/2026', 1, 9, 'App\\Models\\Borrowing', '2026-01-14 01:05:41', '2026-01-19 04:17:04'),
(29, 1, 'peminjaman_baru', 'Peminjaman Baru', 'Peminjaman baru (#10) dari Peminjam menunggu persetujuan.', 1, 10, 'App\\Models\\Borrowing', '2026-01-14 01:10:16', '2026-01-19 01:43:33'),
(30, 2, 'peminjaman_baru', 'Peminjaman Baru', 'Peminjaman baru (#10) dari Peminjam menunggu persetujuan.', 1, 10, 'App\\Models\\Borrowing', '2026-01-14 01:10:16', '2026-01-14 01:15:06'),
(31, 6, 'peminjaman_baru', 'Peminjaman Baru', 'Peminjaman baru (#10) dari Peminjam menunggu persetujuan.', 1, 10, 'App\\Models\\Borrowing', '2026-01-14 01:10:16', '2026-01-18 13:14:41'),
(32, 3, 'peminjaman_disetujui', 'Peminjaman Disetujui', 'Peminjaman Anda (#10) telah disetujui. Jatuh tempo: 16/01/2026', 1, 10, 'App\\Models\\Borrowing', '2026-01-14 01:14:58', '2026-01-19 04:17:04'),
(33, 1, 'peminjaman_baru', 'Peminjaman Baru', 'Peminjaman baru (#11) dari Peminjam menunggu persetujuan.', 1, 11, 'App\\Models\\Borrowing', '2026-01-14 01:32:23', '2026-01-19 01:43:33'),
(34, 2, 'peminjaman_baru', 'Peminjaman Baru', 'Peminjaman baru (#11) dari Peminjam menunggu persetujuan.', 1, 11, 'App\\Models\\Borrowing', '2026-01-14 01:32:23', '2026-01-14 01:40:30'),
(35, 6, 'peminjaman_baru', 'Peminjaman Baru', 'Peminjaman baru (#11) dari Peminjam menunggu persetujuan.', 1, 11, 'App\\Models\\Borrowing', '2026-01-14 01:32:23', '2026-01-18 13:14:41'),
(36, 3, 'peminjaman_disetujui', 'Peminjaman Disetujui', 'Peminjaman Anda (#11) telah disetujui. Jatuh tempo: 18/01/2026', 1, 11, 'App\\Models\\Borrowing', '2026-01-14 01:32:41', '2026-01-19 04:17:04'),
(37, 1, 'pengembalian_peminjam', 'Pengembalian oleh Peminjam', 'Peminjaman (#8) dari Peminjam telah dikembalikan. Silakan proses pengembalian.', 1, 8, 'App\\Models\\Borrowing', '2026-01-15 00:47:27', '2026-01-19 01:43:33'),
(38, 2, 'pengembalian_peminjam', 'Pengembalian oleh Peminjam', 'Peminjaman (#8) dari Peminjam telah dikembalikan. Silakan proses pengembalian.', 1, 8, 'App\\Models\\Borrowing', '2026-01-15 00:47:27', '2026-01-15 00:48:44'),
(39, 6, 'pengembalian_peminjam', 'Pengembalian oleh Peminjam', 'Peminjaman (#8) dari Peminjam telah dikembalikan. Silakan proses pengembalian.', 1, 8, 'App\\Models\\Borrowing', '2026-01-15 00:47:27', '2026-01-18 13:14:41'),
(40, 3, 'pengembalian_diproses', 'Pengembalian Diproses', 'Pengembalian peminjaman (#8) telah diproses pada 15/01/2026. Denda: Rp 20.000 (4 hari terlambat)', 1, 5, 'App\\Models\\ReturnModel', '2026-01-15 00:47:28', '2026-01-19 04:17:04'),
(41, 1, 'pengembalian_peminjam', 'Pengembalian oleh Peminjam', 'Peminjaman (#11) dari Peminjam telah dikembalikan. Silakan proses pengembalian.', 1, 11, 'App\\Models\\Borrowing', '2026-01-15 01:14:46', '2026-01-19 01:43:33'),
(42, 2, 'pengembalian_peminjam', 'Pengembalian oleh Peminjam', 'Peminjaman (#11) dari Peminjam telah dikembalikan. Silakan proses pengembalian.', 1, 11, 'App\\Models\\Borrowing', '2026-01-15 01:14:46', '2026-01-19 03:59:01'),
(43, 6, 'pengembalian_peminjam', 'Pengembalian oleh Peminjam', 'Peminjaman (#11) dari Peminjam telah dikembalikan. Silakan proses pengembalian.', 1, 11, 'App\\Models\\Borrowing', '2026-01-15 01:14:46', '2026-01-18 13:14:41'),
(44, 3, 'pengembalian_diproses', 'Pengembalian Diproses', 'Pengembalian peminjaman (#11) telah diproses pada 15/01/2026.', 1, 6, 'App\\Models\\ReturnModel', '2026-01-15 01:14:46', '2026-01-19 04:17:04'),
(45, 1, 'pengembalian_peminjam', 'Pengembalian oleh Peminjam', 'Peminjaman (#10) dari Peminjam telah dikembalikan. Silakan proses pengembalian.', 1, 10, 'App\\Models\\Borrowing', '2026-01-15 01:39:27', '2026-01-19 01:43:33'),
(46, 2, 'pengembalian_peminjam', 'Pengembalian oleh Peminjam', 'Peminjaman (#10) dari Peminjam telah dikembalikan. Silakan proses pengembalian.', 1, 10, 'App\\Models\\Borrowing', '2026-01-15 01:39:27', '2026-01-19 03:59:01'),
(47, 6, 'pengembalian_peminjam', 'Pengembalian oleh Peminjam', 'Peminjaman (#10) dari Peminjam telah dikembalikan. Silakan proses pengembalian.', 1, 10, 'App\\Models\\Borrowing', '2026-01-15 01:39:27', '2026-01-18 13:14:41'),
(48, 3, 'pengembalian_diproses', 'Pengembalian Diproses', 'Pengembalian peminjaman (#10) telah diproses pada 15/01/2026.', 1, 7, 'App\\Models\\ReturnModel', '2026-01-15 01:40:14', '2026-01-19 04:17:04'),
(49, 1, 'peminjaman_baru', 'Peminjaman Baru', 'Peminjaman baru (#12) dari Peminjam menunggu persetujuan.', 1, 12, 'App\\Models\\Borrowing', '2026-01-19 04:17:49', '2026-01-19 07:53:58'),
(50, 2, 'peminjaman_baru', 'Peminjaman Baru', 'Peminjaman baru (#12) dari Peminjam menunggu persetujuan.', 1, 12, 'App\\Models\\Borrowing', '2026-01-19 04:17:49', '2026-03-29 10:25:11'),
(51, 6, 'peminjaman_baru', 'Peminjaman Baru', 'Peminjaman baru (#12) dari Peminjam menunggu persetujuan.', 1, 12, 'App\\Models\\Borrowing', '2026-01-19 04:17:49', '2026-01-19 07:54:34'),
(52, 3, 'peminjaman_disetujui', 'Peminjaman Disetujui', 'Peminjaman Anda (#12) telah disetujui. Jatuh tempo: 22/01/2026', 1, 12, 'App\\Models\\Borrowing', '2026-01-19 04:18:08', '2026-01-19 06:03:38'),
(53, 1, 'peminjaman_baru', 'Peminjaman Baru', 'Peminjaman baru (#13) dari Peminjam menunggu persetujuan.', 1, 13, 'App\\Models\\Borrowing', '2026-01-19 16:29:19', '2026-01-21 07:45:13'),
(54, 2, 'peminjaman_baru', 'Peminjaman Baru', 'Peminjaman baru (#13) dari Peminjam menunggu persetujuan.', 1, 13, 'App\\Models\\Borrowing', '2026-01-19 16:29:19', '2026-03-29 10:25:11'),
(55, 6, 'peminjaman_baru', 'Peminjaman Baru', 'Peminjaman baru (#13) dari Peminjam menunggu persetujuan.', 1, 13, 'App\\Models\\Borrowing', '2026-01-19 16:29:19', '2026-01-22 01:41:02'),
(56, 3, 'peminjaman_disetujui', 'Peminjaman Disetujui', 'Peminjaman Anda (#13) telah disetujui. Jatuh tempo: 22/01/2026', 0, 13, 'App\\Models\\Borrowing', '2026-01-19 16:29:54', '2026-01-19 16:29:54'),
(57, 1, 'pengembalian_peminjam', 'Pengembalian oleh Peminjam', 'Peminjaman (#9) dari Peminjam telah dikembalikan. Silakan proses pengembalian.', 1, 9, 'App\\Models\\Borrowing', '2026-01-19 16:36:36', '2026-01-21 07:45:13'),
(58, 2, 'pengembalian_peminjam', 'Pengembalian oleh Peminjam', 'Peminjaman (#9) dari Peminjam telah dikembalikan. Silakan proses pengembalian.', 1, 9, 'App\\Models\\Borrowing', '2026-01-19 16:36:36', '2026-03-29 10:25:11'),
(59, 6, 'pengembalian_peminjam', 'Pengembalian oleh Peminjam', 'Peminjaman (#9) dari Peminjam telah dikembalikan. Silakan proses pengembalian.', 1, 9, 'App\\Models\\Borrowing', '2026-01-19 16:36:36', '2026-01-22 01:41:02'),
(60, 3, 'pengembalian_diproses', 'Pengembalian Diproses', 'Pengembalian peminjaman (#9) telah diproses pada 19/01/2026. Denda: Rp 20.000 (4 hari terlambat)', 0, 8, 'App\\Models\\ReturnModel', '2026-01-19 16:37:07', '2026-01-19 16:37:07'),
(61, 1, 'pengembalian_peminjam', 'Pengembalian oleh Peminjam', 'Peminjaman (#12) dari Peminjam telah dikembalikan. Silakan proses pengembalian.', 1, 12, 'App\\Models\\Borrowing', '2026-01-20 01:51:00', '2026-01-21 07:45:13'),
(62, 2, 'pengembalian_peminjam', 'Pengembalian oleh Peminjam', 'Peminjaman (#12) dari Peminjam telah dikembalikan. Silakan proses pengembalian.', 1, 12, 'App\\Models\\Borrowing', '2026-01-20 01:51:00', '2026-03-29 10:25:11'),
(63, 6, 'pengembalian_peminjam', 'Pengembalian oleh Peminjam', 'Peminjaman (#12) dari Peminjam telah dikembalikan. Silakan proses pengembalian.', 1, 12, 'App\\Models\\Borrowing', '2026-01-20 01:51:00', '2026-01-22 01:41:02'),
(64, 3, 'pengembalian_diproses', 'Pengembalian Diproses', 'Pengembalian peminjaman (#12) telah diproses pada 20/01/2026.', 0, 9, 'App\\Models\\ReturnModel', '2026-01-20 01:51:23', '2026-01-20 01:51:23'),
(65, 12, 'alat_dibuat', 'Alat Baru Dibuat', 'Alat baru \'Remote\' telah ditambahkan oleh Admin.', 0, 10, 'App\\Models\\Tool', '2026-01-21 03:41:44', '2026-01-21 03:41:44'),
(66, 1, 'pengembalian_peminjam', 'Pengembalian oleh Peminjam', 'Peminjaman (#13) dari Peminjam telah dikembalikan. Silakan proses pengembalian.', 1, 13, 'App\\Models\\Borrowing', '2026-01-21 04:34:12', '2026-01-21 07:45:13'),
(67, 2, 'pengembalian_peminjam', 'Pengembalian oleh Peminjam', 'Peminjaman (#13) dari Peminjam telah dikembalikan. Silakan proses pengembalian.', 1, 13, 'App\\Models\\Borrowing', '2026-01-21 04:34:12', '2026-03-29 10:25:11'),
(68, 6, 'pengembalian_peminjam', 'Pengembalian oleh Peminjam', 'Peminjaman (#13) dari Peminjam telah dikembalikan. Silakan proses pengembalian.', 1, 13, 'App\\Models\\Borrowing', '2026-01-21 04:34:12', '2026-01-22 01:41:02'),
(69, 11, 'pengembalian_peminjam', 'Pengembalian oleh Peminjam', 'Peminjaman (#13) dari Peminjam telah dikembalikan. Silakan proses pengembalian.', 0, 13, 'App\\Models\\Borrowing', '2026-01-21 04:34:12', '2026-01-21 04:34:12'),
(70, 12, 'pengembalian_peminjam', 'Pengembalian oleh Peminjam', 'Peminjaman (#13) dari Peminjam telah dikembalikan. Silakan proses pengembalian.', 0, 13, 'App\\Models\\Borrowing', '2026-01-21 04:34:12', '2026-01-21 04:34:12'),
(71, 1, 'peminjaman_baru', 'Peminjaman Baru', 'Peminjaman baru (#14) dari Peminjam menunggu persetujuan.', 1, 14, 'App\\Models\\Borrowing', '2026-01-21 04:49:19', '2026-01-21 07:45:13'),
(72, 2, 'peminjaman_baru', 'Peminjaman Baru', 'Peminjaman baru (#14) dari Peminjam menunggu persetujuan.', 1, 14, 'App\\Models\\Borrowing', '2026-01-21 04:49:19', '2026-03-29 10:25:11'),
(73, 6, 'peminjaman_baru', 'Peminjaman Baru', 'Peminjaman baru (#14) dari Peminjam menunggu persetujuan.', 1, 14, 'App\\Models\\Borrowing', '2026-01-21 04:49:19', '2026-01-22 01:41:02'),
(74, 11, 'peminjaman_baru', 'Peminjaman Baru', 'Peminjaman baru (#14) dari Peminjam menunggu persetujuan.', 0, 14, 'App\\Models\\Borrowing', '2026-01-21 04:49:19', '2026-01-21 04:49:19'),
(75, 12, 'peminjaman_baru', 'Peminjaman Baru', 'Peminjaman baru (#14) dari Peminjam menunggu persetujuan.', 0, 14, 'App\\Models\\Borrowing', '2026-01-21 04:49:19', '2026-01-21 04:49:19'),
(76, 1, 'peminjaman_baru', 'Peminjaman Baru', 'Peminjaman baru (#15) dari Peminjam menunggu persetujuan.', 1, 15, 'App\\Models\\Borrowing', '2026-01-21 04:49:43', '2026-01-21 07:45:13'),
(77, 2, 'peminjaman_baru', 'Peminjaman Baru', 'Peminjaman baru (#15) dari Peminjam menunggu persetujuan.', 1, 15, 'App\\Models\\Borrowing', '2026-01-21 04:49:43', '2026-03-29 10:25:11'),
(78, 6, 'peminjaman_baru', 'Peminjaman Baru', 'Peminjaman baru (#15) dari Peminjam menunggu persetujuan.', 1, 15, 'App\\Models\\Borrowing', '2026-01-21 04:49:43', '2026-01-22 01:41:02'),
(79, 11, 'peminjaman_baru', 'Peminjaman Baru', 'Peminjaman baru (#15) dari Peminjam menunggu persetujuan.', 0, 15, 'App\\Models\\Borrowing', '2026-01-21 04:49:43', '2026-01-21 04:49:43'),
(80, 12, 'peminjaman_baru', 'Peminjaman Baru', 'Peminjaman baru (#15) dari Peminjam menunggu persetujuan.', 0, 15, 'App\\Models\\Borrowing', '2026-01-21 04:49:43', '2026-01-21 04:49:43'),
(81, 3, 'peminjaman_disetujui', 'Peminjaman Disetujui', 'Peminjaman Anda (#15) telah disetujui. Jatuh tempo: 22/01/2026', 0, 15, 'App\\Models\\Borrowing', '2026-01-21 04:50:37', '2026-01-21 04:50:37'),
(82, 3, 'peminjaman_ditolak', 'Peminjaman Ditolak', 'Peminjaman Anda (#14) telah ditolak. Alasan: Stok habis', 0, 14, 'App\\Models\\Borrowing', '2026-01-21 04:50:53', '2026-01-21 04:50:53'),
(83, 1, 'peminjaman_baru', 'Peminjaman Baru', 'Peminjaman baru (#16) dari Yusuf menunggu persetujuan.', 1, 16, 'App\\Models\\Borrowing', '2026-01-22 06:07:34', '2026-01-26 04:24:44'),
(84, 2, 'peminjaman_baru', 'Peminjaman Baru', 'Peminjaman baru (#16) dari Yusuf menunggu persetujuan.', 1, 16, 'App\\Models\\Borrowing', '2026-01-22 06:07:34', '2026-03-29 10:25:11'),
(85, 6, 'peminjaman_baru', 'Peminjaman Baru', 'Peminjaman baru (#16) dari Yusuf menunggu persetujuan.', 1, 16, 'App\\Models\\Borrowing', '2026-01-22 06:07:34', '2026-01-22 06:40:57'),
(86, 11, 'peminjaman_baru', 'Peminjaman Baru', 'Peminjaman baru (#16) dari Yusuf menunggu persetujuan.', 0, 16, 'App\\Models\\Borrowing', '2026-01-22 06:07:34', '2026-01-22 06:07:34'),
(87, 12, 'peminjaman_baru', 'Peminjaman Baru', 'Peminjaman baru (#16) dari Yusuf menunggu persetujuan.', 0, 16, 'App\\Models\\Borrowing', '2026-01-22 06:07:34', '2026-01-22 06:07:34'),
(88, 13, 'peminjaman_baru', 'Peminjaman Baru', 'Peminjaman baru (#16) dari Yusuf menunggu persetujuan.', 0, 16, 'App\\Models\\Borrowing', '2026-01-22 06:07:34', '2026-01-22 06:07:34'),
(89, 5, 'peminjaman_disetujui', 'Peminjaman Disetujui', 'Peminjaman Anda (#16) telah disetujui. Jatuh tempo: 23/01/2026', 0, 16, 'App\\Models\\Borrowing', '2026-02-26 09:06:16', '2026-02-26 09:06:16'),
(90, 1, 'peminjaman_baru', 'Peminjaman Baru', 'Peminjaman baru (#17) dari tes menunggu persetujuan.', 1, 17, 'App\\Models\\Borrowing', '2026-02-26 09:12:08', '2026-03-02 08:22:39'),
(91, 2, 'peminjaman_baru', 'Peminjaman Baru', 'Peminjaman baru (#17) dari tes menunggu persetujuan.', 1, 17, 'App\\Models\\Borrowing', '2026-02-26 09:12:08', '2026-03-29 10:25:11'),
(92, 6, 'peminjaman_baru', 'Peminjaman Baru', 'Peminjaman baru (#17) dari tes menunggu persetujuan.', 0, 17, 'App\\Models\\Borrowing', '2026-02-26 09:12:08', '2026-02-26 09:12:08'),
(93, 11, 'peminjaman_baru', 'Peminjaman Baru', 'Peminjaman baru (#17) dari tes menunggu persetujuan.', 0, 17, 'App\\Models\\Borrowing', '2026-02-26 09:12:08', '2026-02-26 09:12:08'),
(94, 12, 'peminjaman_baru', 'Peminjaman Baru', 'Peminjaman baru (#17) dari tes menunggu persetujuan.', 0, 17, 'App\\Models\\Borrowing', '2026-02-26 09:12:08', '2026-02-26 09:12:08'),
(95, 13, 'peminjaman_baru', 'Peminjaman Baru', 'Peminjaman baru (#17) dari tes menunggu persetujuan.', 0, 17, 'App\\Models\\Borrowing', '2026-02-26 09:12:08', '2026-02-26 09:12:08'),
(96, 1, 'pengembalian_peminjam', 'Pengembalian oleh Peminjam', 'Peminjaman (#15) dari Peminjam telah dikembalikan. Silakan proses pengembalian.', 0, 15, 'App\\Models\\Borrowing', '2026-03-29 10:22:03', '2026-03-29 10:22:03'),
(97, 2, 'pengembalian_peminjam', 'Pengembalian oleh Peminjam', 'Peminjaman (#15) dari Peminjam telah dikembalikan. Silakan proses pengembalian.', 1, 15, 'App\\Models\\Borrowing', '2026-03-29 10:22:03', '2026-03-29 10:25:11'),
(98, 6, 'pengembalian_peminjam', 'Pengembalian oleh Peminjam', 'Peminjaman (#15) dari Peminjam telah dikembalikan. Silakan proses pengembalian.', 0, 15, 'App\\Models\\Borrowing', '2026-03-29 10:22:03', '2026-03-29 10:22:03'),
(99, 11, 'pengembalian_peminjam', 'Pengembalian oleh Peminjam', 'Peminjaman (#15) dari Peminjam telah dikembalikan. Silakan proses pengembalian.', 0, 15, 'App\\Models\\Borrowing', '2026-03-29 10:22:03', '2026-03-29 10:22:03'),
(100, 12, 'pengembalian_peminjam', 'Pengembalian oleh Peminjam', 'Peminjaman (#15) dari Peminjam telah dikembalikan. Silakan proses pengembalian.', 0, 15, 'App\\Models\\Borrowing', '2026-03-29 10:22:03', '2026-03-29 10:22:03'),
(101, 13, 'pengembalian_peminjam', 'Pengembalian oleh Peminjam', 'Peminjaman (#15) dari Peminjam telah dikembalikan. Silakan proses pengembalian.', 0, 15, 'App\\Models\\Borrowing', '2026-03-29 10:22:03', '2026-03-29 10:22:03'),
(102, 3, 'pengembalian_diproses', 'Pengembalian Diproses', 'Pengembalian peminjaman (#15) telah diproses pada 29/03/2026. Denda: Rp 330.000 (66 hari terlambat)', 0, 10, 'App\\Models\\ReturnModel', '2026-03-29 10:24:49', '2026-03-29 10:24:49'),
(103, 1, 'peminjaman_baru', 'Peminjaman Baru', 'Peminjaman baru (#18) dari Peminjam menunggu persetujuan.', 0, 18, 'App\\Models\\Borrowing', '2026-03-29 10:27:38', '2026-03-29 10:27:38'),
(104, 2, 'peminjaman_baru', 'Peminjaman Baru', 'Peminjaman baru (#18) dari Peminjam menunggu persetujuan.', 0, 18, 'App\\Models\\Borrowing', '2026-03-29 10:27:38', '2026-03-29 10:27:38'),
(105, 6, 'peminjaman_baru', 'Peminjaman Baru', 'Peminjaman baru (#18) dari Peminjam menunggu persetujuan.', 0, 18, 'App\\Models\\Borrowing', '2026-03-29 10:27:38', '2026-03-29 10:27:38'),
(106, 11, 'peminjaman_baru', 'Peminjaman Baru', 'Peminjaman baru (#18) dari Peminjam menunggu persetujuan.', 0, 18, 'App\\Models\\Borrowing', '2026-03-29 10:27:38', '2026-03-29 10:27:38'),
(107, 12, 'peminjaman_baru', 'Peminjaman Baru', 'Peminjaman baru (#18) dari Peminjam menunggu persetujuan.', 0, 18, 'App\\Models\\Borrowing', '2026-03-29 10:27:38', '2026-03-29 10:27:38'),
(108, 13, 'peminjaman_baru', 'Peminjaman Baru', 'Peminjaman baru (#18) dari Peminjam menunggu persetujuan.', 0, 18, 'App\\Models\\Borrowing', '2026-03-29 10:27:38', '2026-03-29 10:27:38'),
(109, 1, 'peminjaman_baru', 'Peminjaman Baru', 'Peminjaman baru (#19) dari Peminjam menunggu persetujuan.', 0, 19, 'App\\Models\\Borrowing', '2026-03-30 01:16:04', '2026-03-30 01:16:04'),
(110, 2, 'peminjaman_baru', 'Peminjaman Baru', 'Peminjaman baru (#19) dari Peminjam menunggu persetujuan.', 0, 19, 'App\\Models\\Borrowing', '2026-03-30 01:16:04', '2026-03-30 01:16:04'),
(111, 6, 'peminjaman_baru', 'Peminjaman Baru', 'Peminjaman baru (#19) dari Peminjam menunggu persetujuan.', 0, 19, 'App\\Models\\Borrowing', '2026-03-30 01:16:04', '2026-03-30 01:16:04'),
(112, 11, 'peminjaman_baru', 'Peminjaman Baru', 'Peminjaman baru (#19) dari Peminjam menunggu persetujuan.', 0, 19, 'App\\Models\\Borrowing', '2026-03-30 01:16:04', '2026-03-30 01:16:04'),
(113, 12, 'peminjaman_baru', 'Peminjaman Baru', 'Peminjaman baru (#19) dari Peminjam menunggu persetujuan.', 0, 19, 'App\\Models\\Borrowing', '2026-03-30 01:16:04', '2026-03-30 01:16:04'),
(114, 13, 'peminjaman_baru', 'Peminjaman Baru', 'Peminjaman baru (#19) dari Peminjam menunggu persetujuan.', 0, 19, 'App\\Models\\Borrowing', '2026-03-30 01:16:04', '2026-03-30 01:16:04'),
(115, 3, 'peminjaman_disetujui', 'Peminjaman Disetujui', 'Peminjaman Anda (#19) telah disetujui. Jatuh tempo: 31/03/2026', 0, 19, 'App\\Models\\Borrowing', '2026-03-30 01:16:14', '2026-03-30 01:16:14'),
(116, 1, 'pengembalian_peminjam', 'Pengembalian oleh Peminjam', 'Peminjaman (#19) dari Peminjam telah dikembalikan. Silakan proses pengembalian.', 1, 19, 'App\\Models\\Borrowing', '2026-03-30 01:16:55', '2026-04-02 05:44:42'),
(117, 2, 'pengembalian_peminjam', 'Pengembalian oleh Peminjam', 'Peminjaman (#19) dari Peminjam telah dikembalikan. Silakan proses pengembalian.', 1, 19, 'App\\Models\\Borrowing', '2026-03-30 01:16:55', '2026-03-30 01:35:29'),
(118, 6, 'pengembalian_peminjam', 'Pengembalian oleh Peminjam', 'Peminjaman (#19) dari Peminjam telah dikembalikan. Silakan proses pengembalian.', 0, 19, 'App\\Models\\Borrowing', '2026-03-30 01:16:55', '2026-03-30 01:16:55'),
(119, 11, 'pengembalian_peminjam', 'Pengembalian oleh Peminjam', 'Peminjaman (#19) dari Peminjam telah dikembalikan. Silakan proses pengembalian.', 0, 19, 'App\\Models\\Borrowing', '2026-03-30 01:16:55', '2026-03-30 01:16:55'),
(120, 12, 'pengembalian_peminjam', 'Pengembalian oleh Peminjam', 'Peminjaman (#19) dari Peminjam telah dikembalikan. Silakan proses pengembalian.', 0, 19, 'App\\Models\\Borrowing', '2026-03-30 01:16:55', '2026-03-30 01:16:55'),
(121, 13, 'pengembalian_peminjam', 'Pengembalian oleh Peminjam', 'Peminjaman (#19) dari Peminjam telah dikembalikan. Silakan proses pengembalian.', 0, 19, 'App\\Models\\Borrowing', '2026-03-30 01:16:55', '2026-03-30 01:16:55'),
(122, 3, 'pengembalian_diproses', 'Pengembalian Diproses', 'Pengembalian peminjaman (#19) telah diproses pada 30/03/2026.', 0, 11, 'App\\Models\\ReturnModel', '2026-03-30 01:17:11', '2026-03-30 01:17:11'),
(123, 1, 'peminjaman_baru', 'Peminjaman Baru', 'Peminjaman baru (#20) dari Peminjam menunggu persetujuan.', 1, 20, 'App\\Models\\Borrowing', '2026-04-02 02:40:33', '2026-04-02 05:44:38'),
(124, 2, 'peminjaman_baru', 'Peminjaman Baru', 'Peminjaman baru (#20) dari Peminjam menunggu persetujuan.', 0, 20, 'App\\Models\\Borrowing', '2026-04-02 02:40:33', '2026-04-02 02:40:33'),
(125, 6, 'peminjaman_baru', 'Peminjaman Baru', 'Peminjaman baru (#20) dari Peminjam menunggu persetujuan.', 0, 20, 'App\\Models\\Borrowing', '2026-04-02 02:40:33', '2026-04-02 02:40:33'),
(126, 11, 'peminjaman_baru', 'Peminjaman Baru', 'Peminjaman baru (#20) dari Peminjam menunggu persetujuan.', 0, 20, 'App\\Models\\Borrowing', '2026-04-02 02:40:33', '2026-04-02 02:40:33'),
(127, 12, 'peminjaman_baru', 'Peminjaman Baru', 'Peminjaman baru (#20) dari Peminjam menunggu persetujuan.', 0, 20, 'App\\Models\\Borrowing', '2026-04-02 02:40:33', '2026-04-02 02:40:33'),
(128, 13, 'peminjaman_baru', 'Peminjaman Baru', 'Peminjaman baru (#20) dari Peminjam menunggu persetujuan.', 0, 20, 'App\\Models\\Borrowing', '2026-04-02 02:40:33', '2026-04-02 02:40:33'),
(129, 3, 'peminjaman_disetujui', 'Peminjaman Disetujui', 'Peminjaman Anda (#20) telah disetujui. Jatuh tempo: 03/04/2026', 0, 20, 'App\\Models\\Borrowing', '2026-04-02 02:41:06', '2026-04-02 02:41:06'),
(130, 1, 'pengembalian_peminjam', 'Pengembalian oleh Peminjam', 'Peminjaman (#20) dari Peminjam telah dikembalikan. Silakan proses pengembalian.', 1, 20, 'App\\Models\\Borrowing', '2026-04-02 02:41:20', '2026-04-02 05:44:33'),
(131, 2, 'pengembalian_peminjam', 'Pengembalian oleh Peminjam', 'Peminjaman (#20) dari Peminjam telah dikembalikan. Silakan proses pengembalian.', 0, 20, 'App\\Models\\Borrowing', '2026-04-02 02:41:20', '2026-04-02 02:41:20'),
(132, 6, 'pengembalian_peminjam', 'Pengembalian oleh Peminjam', 'Peminjaman (#20) dari Peminjam telah dikembalikan. Silakan proses pengembalian.', 0, 20, 'App\\Models\\Borrowing', '2026-04-02 02:41:20', '2026-04-02 02:41:20'),
(133, 11, 'pengembalian_peminjam', 'Pengembalian oleh Peminjam', 'Peminjaman (#20) dari Peminjam telah dikembalikan. Silakan proses pengembalian.', 0, 20, 'App\\Models\\Borrowing', '2026-04-02 02:41:20', '2026-04-02 02:41:20'),
(134, 12, 'pengembalian_peminjam', 'Pengembalian oleh Peminjam', 'Peminjaman (#20) dari Peminjam telah dikembalikan. Silakan proses pengembalian.', 0, 20, 'App\\Models\\Borrowing', '2026-04-02 02:41:20', '2026-04-02 02:41:20'),
(135, 13, 'pengembalian_peminjam', 'Pengembalian oleh Peminjam', 'Peminjaman (#20) dari Peminjam telah dikembalikan. Silakan proses pengembalian.', 0, 20, 'App\\Models\\Borrowing', '2026-04-02 02:41:20', '2026-04-02 02:41:20'),
(136, 3, 'pengembalian_diproses', 'Pengembalian Diproses', 'Pengembalian peminjaman (#20) telah diproses pada 02/04/2026.', 0, 12, 'App\\Models\\ReturnModel', '2026-04-02 02:41:27', '2026-04-02 02:41:27');

--
-- Table structure for table `password_reset_tokens`
--
DROP TABLE IF EXISTS `password_reset_tokens`;
CREATE TABLE `password_reset_tokens` (
  `email` varchar(255) COLLATE utf8mb4_unicode_ci NOT NULL,
  `token` varchar(255) COLLATE utf8mb4_unicode_ci NOT NULL,
  `created_at` timestamp NULL DEFAULT NULL,
  PRIMARY KEY (`email`)
) ENGINE=InnoDB DEFAULT CHARSET=utf8mb4 COLLATE=utf8mb4_unicode_ci;

--
-- Table structure for table `returns`
--
DROP TABLE IF EXISTS `returns`;
CREATE TABLE `returns` (
  `id` bigint unsigned NOT NULL AUTO_INCREMENT,
  `borrowing_id` bigint unsigned NOT NULL,
  `tanggal_kembali` date NOT NULL,
  `denda` decimal(10,2) NOT NULL DEFAULT '0.00',
  `denda_kerusakan` decimal(10,2) NOT NULL DEFAULT '0.00',
  `terlambat_hari` int NOT NULL DEFAULT '0',
  `keterangan` text CHARACTER SET utf8mb4 COLLATE utf8mb4_unicode_ci,
  `created_at` timestamp NULL DEFAULT NULL,
  `updated_at` timestamp NULL DEFAULT NULL,
  PRIMARY KEY (`id`),
  KEY `returns_borrowing_id_foreign` (`borrowing_id`),
  CONSTRAINT `returns_borrowing_id_foreign` FOREIGN KEY (`borrowing_id`) REFERENCES `borrowings` (`id`) ON DELETE CASCADE
) ENGINE=InnoDB AUTO_INCREMENT=13 DEFAULT CHARSET=utf8mb4 COLLATE=utf8mb4_unicode_ci;

--
-- Dumping data for table `returns`
--
INSERT INTO `returns` (`id`, `borrowing_id`, `tanggal_kembali`, `denda`, `denda_kerusakan`, `terlambat_hari`, `keterangan`, `created_at`, `updated_at`) VALUES
(1, 2, '2026-01-09', '0.00', '0.00', 0, 'Dikembalikan oleh peminjam', '2026-01-09 07:26:25', '2026-01-09 07:26:25'),
(2, 3, '2026-01-10', '0.00', '0.00', 0, NULL, '2026-01-10 14:54:01', '2026-01-10 14:54:01'),
(4, 7, '2026-01-11', '0.00', '0.00', 0, 'Dikembalikan oleh peminjam', '2026-01-11 00:14:30', '2026-01-11 00:14:30'),
(5, 8, '2026-01-15', '20000.00', '0.00', 4, 'Dikembalikan oleh peminjam', '2026-01-15 00:47:27', '2026-01-15 00:47:27'),
(6, 11, '2026-01-15', '0.00', '5000.00', 0, 'Dikembalikan oleh peminjam', '2026-01-15 01:14:46', '2026-01-15 01:58:37'),
(7, 10, '2026-01-15', '0.00', '15000.00', 0, NULL, '2026-01-15 01:40:14', '2026-01-19 04:13:03'),
(8, 9, '2026-01-19', '20000.00', '10000.00', 4, NULL, '2026-01-19 16:37:07', '2026-01-19 16:37:07'),
(9, 12, '2026-01-20', '0.00', '0.00', 0, NULL, '2026-01-20 01:51:23', '2026-01-20 01:51:23'),
(10, 15, '2026-03-29', '330000.00', '0.00', 66, NULL, '2026-03-29 10:24:49', '2026-03-29 10:24:49'),
(11, 19, '2026-03-30', '0.00', '0.00', 0, NULL, '2026-03-30 01:17:11', '2026-03-30 01:17:11'),
(12, 20, '2026-04-02', '0.00', '0.00', 0, NULL, '2026-04-02 02:41:27', '2026-04-02 02:41:27');

--
-- Table structure for table `sessions`
--
DROP TABLE IF EXISTS `sessions`;
CREATE TABLE `sessions` (
  `id` varchar(255) CHARACTER SET utf8mb4 COLLATE utf8mb4_unicode_ci NOT NULL,
  `user_id` bigint unsigned DEFAULT NULL,
  `ip_address` varchar(45) CHARACTER SET utf8mb4 COLLATE utf8mb4_unicode_ci DEFAULT NULL,
  `user_agent` text CHARACTER SET utf8mb4 COLLATE utf8mb4_unicode_ci,
  `payload` longtext CHARACTER SET utf8mb4 COLLATE utf8mb4_unicode_ci NOT NULL,
  `last_activity` int NOT NULL,
  PRIMARY KEY (`id`),
  KEY `sessions_user_id_index` (`user_id`),
  KEY `sessions_last_activity_index` (`last_activity`)
) ENGINE=InnoDB DEFAULT CHARSET=utf8mb4 COLLATE=utf8mb4_unicode_ci;

--
-- Dumping data for table `sessions`
--
INSERT INTO `sessions` (`id`, `user_id`, `ip_address`, `user_agent`, `payload`, `last_activity`) VALUES
('tU5pfJKQ3GfAKpaR5cd6bW2nSXGIl1vMsK58wljC', 1, '127.0.0.1', 'Mozilla/5.0 (Windows NT 10.0; Win64; x64) AppleWebKit/537.36 (KHTML, like Gecko) Chrome/146.0.0.0 Safari/537.36', 'YTo0OntzOjY6Il90b2tlbiI7czo0MDoiUnJPdXhRZ1lvWGcyTXhvc3luTDVVVUZLS1VpVW4xV3hCZHcxbWF4TyI7czo5OiJfcHJldmlvdXMiO2E6MTp7czozOiJ1cmwiO3M6Mzc6Imh0dHA6Ly8xMjcuMC4wLjE6ODAwMC9hZG1pbi9kYXNoYm9hcmQiO31zOjY6Il9mbGFzaCI7YToyOntzOjM6Im9sZCI7YTowOnt9czozOiJuZXciO2E6MDp7fX1zOjUwOiJsb2dpbl93ZWJfNTliYTM2YWRkYzJiMmY5NDAxNTgwZjAxNGM3ZjU4ZWE0ZTMwOTg5ZCI7aToxO30=', 1775461626);

--
-- Table structure for table `tools`
--
DROP TABLE IF EXISTS `tools`;
CREATE TABLE `tools` (
  `id` bigint unsigned NOT NULL AUTO_INCREMENT,
  `nama_alat` varchar(255) CHARACTER SET utf8mb4 COLLATE utf8mb4_unicode_ci NOT NULL,
  `kategori_id` bigint unsigned NOT NULL,
  `stok` int NOT NULL DEFAULT '0',
  `stok_rusak` int NOT NULL DEFAULT '0',
  `stok_perbaikan` int NOT NULL DEFAULT '0',
  `status` enum('tersedia','dipinjam','rusak','perbaikan') CHARACTER SET utf8mb4 COLLATE utf8mb4_unicode_ci NOT NULL DEFAULT 'tersedia',
  `kondisi` enum('baik','rusak','perlu_perbaikan') CHARACTER SET utf8mb4 COLLATE utf8mb4_unicode_ci NOT NULL DEFAULT 'baik',
  `deskripsi` text CHARACTER SET utf8mb4 COLLATE utf8mb4_unicode_ci,
  `gambar` varchar(255) CHARACTER SET utf8mb4 COLLATE utf8mb4_unicode_ci DEFAULT NULL,
  `denda_per_hari` decimal(12,2) NOT NULL DEFAULT '5000.00',
  `created_at` timestamp NULL DEFAULT NULL,
  `updated_at` timestamp NULL DEFAULT NULL,
  PRIMARY KEY (`id`),
  KEY `tools_kategori_id_foreign` (`kategori_id`),
  CONSTRAINT `tools_kategori_id_foreign` FOREIGN KEY (`kategori_id`) REFERENCES `categories` (`id`) ON DELETE CASCADE
) ENGINE=InnoDB AUTO_INCREMENT=11 DEFAULT CHARSET=utf8mb4 COLLATE=utf8mb4_unicode_ci;

--
-- Dumping data for table `tools`
--
INSERT INTO `tools` (`id`, `nama_alat`, `kategori_id`, `stok`, `stok_rusak`, `stok_perbaikan`, `status`, `kondisi`, `deskripsi`, `gambar`, `denda_per_hari`, `created_at`, `updated_at`) VALUES
(1, 'Solder', 4, 35, 0, 0, 'tersedia', 'baik', 'tes', 'images/tools/1768321291_⊱ ───ஓ๑♡๑ஓ ─── ⊰.jpeg', '5000.00', '2026-01-09 07:23:58', '2026-04-03 14:39:55'),
(2, 'Monitor', 1, 15, 0, 0, 'tersedia', 'baik', '--', NULL, '5000.00', '2026-01-12 06:49:50', '2026-04-03 14:39:55'),
(3, 'Mouse', 1, 50, 0, 0, 'tersedia', 'baik', '--', NULL, '5000.00', '2026-01-13 01:41:17', '2026-04-03 14:39:55'),
(4, 'Keyboard', 1, 39, 0, 0, 'tersedia', 'baik', '-', NULL, '5000.00', '2026-01-15 02:17:51', '2026-04-03 14:39:55'),
(5, 'Earphone', 5, 121, 0, 0, 'tersedia', 'baik', NULL, 'images/tools/1768795943_3d5c4ac6-8b0c-4d12-a138-a3ecf233c6ed.jpg', '5000.00', '2026-01-15 02:19:14', '2026-04-03 14:39:55'),
(6, 'Kipas', 5, 13, 0, 0, 'tersedia', 'baik', NULL, NULL, '5000.00', '2026-01-20 07:09:47', '2026-04-03 14:39:55'),
(8, 'Contoh Alat 1', 1, 10, 5, 2, 'tersedia', 'baik', NULL, NULL, '7000.00', '2026-01-20 07:34:53', '2026-04-03 14:39:55'),
(9, 'Contoh Alat 2', 2, 0, 2, 1, 'dipinjam', 'baik', NULL, NULL, '5000.00', '2026-01-20 07:34:53', '2026-04-03 14:39:55');

--
-- Table structure for table `users`
--
DROP TABLE IF EXISTS `users`;
CREATE TABLE `users` (
  `id` bigint unsigned NOT NULL AUTO_INCREMENT,
  `name` varchar(50) CHARACTER SET utf8mb4 COLLATE utf8mb4_unicode_ci NOT NULL,
  `email` varchar(50) CHARACTER SET utf8mb4 COLLATE utf8mb4_unicode_ci NOT NULL,
  `email_verified_at` timestamp NULL DEFAULT NULL,
  `password` varchar(60) CHARACTER SET utf8mb4 COLLATE utf8mb4_unicode_ci NOT NULL,
  `role` enum('admin','petugas','peminjam') CHARACTER SET utf8mb4 COLLATE utf8mb4_unicode_ci NOT NULL DEFAULT 'peminjam',
  `remember_token` varchar(100) CHARACTER SET utf8mb4 COLLATE utf8mb4_unicode_ci DEFAULT NULL,
  `created_at` timestamp NULL DEFAULT NULL,
  `updated_at` timestamp NULL DEFAULT NULL,
  PRIMARY KEY (`id`),
  UNIQUE KEY `users_email_unique` (`email`)
) ENGINE=InnoDB AUTO_INCREMENT=16 DEFAULT CHARSET=utf8mb4 COLLATE=utf8mb4_unicode_ci;

--
-- Dumping data for table `users`
--
INSERT INTO `users` (`id`, `name`, `email`, `email_verified_at`, `password`, `role`, `remember_token`, `created_at`, `updated_at`) VALUES
(1, 'Admin', 'admin@gmail.com', NULL, '$2y$12$r2xfv1JSRmUTpDVJXlbUV.h9rjgW6fQ2mfZqRuAlQwtXr6SFUs8e2', 'admin', '81xocvdUVXdkl3u8fewHiXmdiIZWSrWJhpH2yVGg965z8KK6zjTxpRDeoB9h', '2026-01-09 07:12:46', '2026-03-11 04:36:06'),
(2, 'Petugas', 'petugas@gmail.com', NULL, '$2y$12$uddNNGVhZiuE6b.dOQ7DBe7Vx3GhKw344tjsDSinueOXn1HXFXnjS', 'petugas', 'AikVeZ1Rq4e0RsNFW2ukLgPX3VgnjQsHZQciIalMZbOQzGd7soORCLffVIbt', '2026-01-09 07:12:46', '2026-03-29 10:24:12'),
(3, 'Peminjam', 'peminjam@gmail.com', NULL, '$2y$12$EIz2rTjIK2cGR0uXF34Yq.Ragfioe80lkDhblZvF/04qYdFRwIrgS', 'peminjam', 'qSt6Jhng9LMdEcWJOzjQEeZxu7weLYRmbujUTI2wMb4NIqCCj4ZlwzFQ0uot', '2026-01-09 07:12:46', '2026-04-02 02:40:04'),
(5, 'Yusuf', 'yusuf@gmail.com', NULL, '', 'peminjam', NULL, '2026-01-12 07:04:44', '2026-01-12 07:04:44'),
(6, 'Dedi', 'dedi@gmail.com', NULL, '', 'petugas', NULL, '2026-01-13 01:40:34', '2026-02-26 09:05:55'),
(7, 'Rendi', 'rendi@gmail.com', NULL, '', 'peminjam', NULL, '2026-01-14 01:08:19', '2026-01-14 01:08:19'),
(10, 'John Doe', 'john@example.com', NULL, '', 'peminjam', NULL, '2026-01-20 07:35:40', '2026-01-20 07:35:40'),
(11, 'Jane Smith', 'jane@example.com', NULL, '', 'petugas', NULL, '2026-01-20 07:35:40', '2026-01-20 07:35:40'),
(12, 'Admin User', 'admin@example.com', NULL, '', 'admin', NULL, '2026-01-20 07:35:40', '2026-01-20 07:35:40'),
(13, 'Tes', 'tes@gmail.com', NULL, '', 'petugas', NULL, '2026-01-21 16:34:57', '2026-02-26 09:05:35'),
(15, 'tes', 'roufwanda@gmail.com', NULL, '$2y$12$RRayklk6uqcVOSTBFPgHa.BqUP1SwjvjqM3rznBCkzah1m6ablXF2', 'peminjam', 'niZsvUUBT59JD6hInrW0dyv7KXuBX9VXiaWPiCRHW2580D2DOR4meXYorydX', '2026-02-26 09:08:16', '2026-04-03 14:04:28');

SET FOREIGN_KEY_CHECKS=1;
